"","seqnames","start","end","width","strand","Conc","Conc_WT","Conc_V2084D","Fold","p.value","FDR","annotation","geneChr","geneStart","geneEnd","geneLength","geneStrand","geneId","transcriptId","distanceToTSS","ENSEMBL","SYMBOL","GENENAME","flank_txIds","flank_geneIds","flank_gene_distances"
"6099","chr6",149565604,149566004,401,"*",2.08137486052355,2.17054229523413,1.98633114566196,-0.800413548348404,0.302788187426504,0.916078216425798,"Promoter (<=1kb)",6,149566294,149591748,25455,1,"116254","ENST00000650599.1",-290,"ENSG00000055211","GINM1","glycosylated integral membrane protein 1","ENST00000650599.1;ENST00000367419.10","116254;116254","0;0"
"1665","chr2",207133892,207134292,401,"*",2.95333175269248,3.16924699836422,2.69931681422351,-1.09064627245976,0.071648683774278,0.791976088563902,"Promoter (<=1kb)",2,207074137,207134137,60001,2,"8609","ENST00000412414.6",0,"ENSG00000118263","KLF7","KLF transcription factor 7","ENST00000412414.6;ENST00000309446.11;ENST00000421199.5;ENST00000423015.5;ENST00000458272.1;ENST00000435602.1;ENST00000426163.5;ENST00000457962.5;ENST00000451244.1","8609;8609;8609;8609;8609;8609;8609;8609;8609","0;0;0;0;0;0;0;0;0"
"470","chr14",26841989,26842389,401,"*",2.32040670239338,2.80750789907087,1.57952667236349,-1.81915423077806,0.0188606830786796,0.71428997278346,"Promoter (1-2kb)",14,26843452,27160420,316969,1,"105370420","ENST00000552303.1",-1063,NA,"LOC105370420","uncharacterized LOC105370420","ENST00000656336.1;ENST00000552303.1","102725045;105370420","0;-1063"
"3426","chr8",41542686,41543086,401,"*",1.46300635862859,1.80825363866582,1.00824587014536,-1.37828074757689,0.161365482342567,0.867073447194784,"Promoter (<=1kb)",8,41541804,41542409,606,1,"84296","ENST00000518430.1",882,"ENSG00000147536","GINS4","GINS complex subunit 4","ENST00000523081.2;ENST00000520354.5;ENST00000520710.5;ENST00000518671.5;ENST00000523277.6;ENST00000276533.4;ENST00000522642.1;ENST00000518430.1","102723729;84296;84296;84296;84296;84296;84296;84296","0;0;0;0;0;0;6328;882"
"7374","chr17",74368385,74368785,401,"*",2.31189336049571,2.32301233405759,2.30068802603593,-0.645124009293885,0.373043442077235,0.933902760355676,"Promoter (<=1kb)",17,74367506,74372600,5095,1,"350383","ENST00000582579.6",879,"ENSG00000257008","GPR142","G protein-coupled receptor 142","ENST00000585308.6;ENST00000335666.4;ENST00000582579.6","350383;350383;350383","0;0;0"
"139","chr10",72204499,72204899,401,"*",3.58639466502965,3.95475994280245,3.09047745418081,-1.48612674480938,0.00468839670517867,0.623759138624958,"Promoter (<=1kb)",10,72161613,72204505,42893,2,"51008","ENST00000461369.6",0,"ENSG00000138303","ASCC1","activating signal cointegrator 1 complex subunit 1","ENST00000394919.5;ENST00000672957.1;ENST00000317168.11;ENST00000342444.8;ENST00000486689.6;ENST00000673599.1;ENST00000672774.1;ENST00000671788.1;ENST00000672121.1;ENST00000672940.1;ENST00000317126.8;ENST00000394915.7;ENST00000531048.5;ENST00000461369.6;ENST00000530461.5;ENST00000527593.5;ENST00000524829.5;ENST00000532011.5;ENST00000526751.5;ENST00000492502.2","51008;51008;51008;51008;51008;51008;51008;51008;51008;51008;51008;51008;51008;51008;51008;51008;51008;51008;51008;51008","0;0;0;0;0;0;0;0;0;0;0;0;0;0;0;0;0;0;0;0"
"4803","chr3",194323869,194324269,401,"*",2.85086424770994,2.90658941929001,2.79289986923201,-0.739139988920081,0.22919440693238,0.880444731981855,"Promoter (<=1kb)",3,194301199,194322871,21673,2,"100131551","ENST00000660996.1",-998,"ENSG00000214145","LINC00887","long intergenic non-protein coding RNA 887","ENST00000670716.1;ENST00000670959.1;ENST00000654752.1;ENST00000660996.1","100131551;100131551;100131551;100131551","0;0;0;0"
"54","chr3",179562730,179563130,401,"*",4.12183900191894,4.49360314155497,3.61971375522774,-1.50030421567127,0.00152168447863599,0.508676239297542,"Promoter (<=1kb)",3,179562886,179588407,25522,1,"86","ENST00000450518.6",0,"ENSG00000136518","ACTL6A","actin like 6A","ENST00000450518.6;ENST00000392662.5;ENST00000491202.5;ENST00000468767.6;ENST00000429709.7;ENST00000494843.5;ENST00000490364.1","86;86;86;86;86;86;86","0;0;0;0;0;0;0"
"1863","chr7",115230993,115231393,401,"*",3.44426119288697,3.58589928135841,3.28718859806257,-0.926067464095331,0.0813884740832795,0.805639753118679,"Promoter (<=1kb)",7,115061537,115231355,169819,2,"104355291","ENST00000419883.1",0,"ENSG00000233607","LINC01392","long intergenic non-protein coding RNA 1392","ENST00000419883.1","104355291","0"
"3731","chr2",216114622,216115022,401,"*",3.54585072627544,3.5851422297609,3.50545909509934,-0.709577003596722,0.175506333001974,0.867566754564746,"Promoter (1-2kb)",2,216113092,216119165,6074,1,"7520","ENST00000451695.5",1530,"ENSG00000079246","XRCC5","X-ray repair cross complementing 5","ENST00000392133.7;ENST00000429133.5;ENST00000476360.1;ENST00000392132.7;ENST00000417391.1;ENST00000451695.5;ENST00000460284.5","7520;7520;7520;7520;7520;7520;7520","0;0;0;0;0;0;-1863"
"3969","chr20",45880926,45881326,401,"*",3.55447732581518,3.5851423276777,3.52314634711691,-0.691953640454366,0.186817375870475,0.867566754564746,"Promoter (<=1kb)",20,45881227,45885266,4040,1,"90204","ENST00000372523.1",0,"ENSG00000168612","ZSWIM1","zinc finger SWIM-type containing 1","ENST00000255152.3;ENST00000372523.1","140831;90204","0;0"
"735","chr19",16153584,16153984,401,"*",3.68728461959751,3.90781236765,3.42685671404837,-1.10799898832579,0.0288907994869591,0.725486002975034,"Promoter (1-2kb)",19,16152552,16157248,4697,1,"84941","ENST00000591154.1",1032,"ENSG00000196684","HSH2D","hematopoietic SH2 domain containing","ENST00000616645.4;ENST00000586872.5;ENST00000613986.4;ENST00000616070.4;ENST00000535834.1;ENST00000613195.4;ENST00000593031.1;ENST00000591154.1","84941;84941;84941;84941;84941;84941;84941;84941","0;0;0;0;0;0;0;0"
"3242","chr6_GL000253v2_alt",2957606,2958006,401,"*",1.16868323230954,1.58506520804257,0.581028013997955,-1.55823994335133,0.150439534109399,0.856025536590616,"Promoter (<=1kb)",163,2944068,2957681,13614,2,"7917","ENST00000444402.6",0,"ENSG00000204463","BAG6","BAG cochaperone 6","ENST00000440956.6;ENST00000443975.6;ENST00000436931.2;ENST00000415373.6;ENST00000444402.6;ENST00000415345.5;ENST00000550393.4;ENST00000615224.2;ENST00000451042.5;ENST00000447656.5;ENST00000416094.5;ENST00000428905.5;ENST00000427244.5;ENST00000415770.5;ENST00000450513.5;ENST00000441898.5;ENST00000436434.5;ENST00000432814.5;ENST00000424221.5;ENST00000454248.5;ENST00000427281.5;ENST00000462603.5;ENST00000419409.5;ENST00000461174.1","55937;55937;55937;7917;7917;7917;7917;7917;7917;7917;7917;7917;7917;7917;7917;7917;7917;7917;7917;7917;7917;7917;7917;7917","0;0;-2934;0;0;0;0;0;0;0;-640;0;0;0;0;-585;0;0;0;0;-581;0;0;0"
"543","chrX",100643962,100644362,401,"*",1.70213048108615,2.32535833901442,0.580839798905804,-2.28259308042582,0.0212825515718212,0.71428997278346,"Promoter (<=1kb)",23,100644195,100665547,21353,1,"27286","ENST00000640889.1",0,"ENSG00000102359","SRPX2","sushi repeat containing protein X-linked 2","ENST00000640889.1;ENST00000640020.1;ENST00000373004.5;ENST00000481988.1;ENST00000638738.1;ENST00000638458.1;ENST00000494424.1","27286;27286;27286;27286;27286;27286;7105","0;0;0;0;-1724;-1961;0"
"4360","chrX",153226531,153226931,401,"*",3.12175219440804,3.17006727687243,3.07176283317618,-0.725792710916883,0.206254572353819,0.872941424527616,"Promoter (<=1kb)",23,153225659,153230357,4699,1,"105373373","ENST00000620734.1",872,"ENSG00000273877","LOC105373373","uncharacterized LOC105373373","ENST00000620118.4;ENST00000620734.1","105373373;105373373","0;0"
"2089","chr11",27699306,27699706,401,"*",2.79666020118814,3.00184610066341,2.55737528614082,-1.06435968668208,0.0915261673565247,0.807723632760235,"Promoter (<=1kb)",11,27654893,27699667,44775,2,"627","ENST00000395986.6",0,"ENSG00000176697","BDNF","brain derived neurotrophic factor","ENST00000650864.1;ENST00000651944.1;ENST00000650954.2;ENST00000502161.7;ENST00000650862.1;ENST00000650880.1;ENST00000651103.1;ENST00000651238.1;ENST00000651437.1;ENST00000651756.1;ENST00000651905.1;ENST00000652138.1;ENST00000652325.1;ENST00000652594.1;ENST00000651990.1;ENST00000652244.1;ENST00000651592.1;ENST00000651997.1;ENST00000499568.3;ENST00000500662.7;ENST00000651026.1;ENST00000651264.1;ENST00000660080.1;ENST00000652673.1;ENST00000395986.6;ENST00000533131.5;ENST00000356660.9;ENST00000418212.5;ENST00000533246.5;ENST00000530861.5;ENST00000395983.7;ENST00000438929.5;ENST00000530786.5;ENST00000584049.5;ENST00000532997.5;ENST00000395978.7;ENST00000395981.7;ENST00000525950.5;ENST00000314915.6","497258;497258;497258;497258;497258;497258;497258;497258;497258;497258;497258;497258;497258;497258;497258;497258;497258;497258;497258;497258;497258;497258;497258;497258;627;627;627;627;627;627;627;627;627;627;627;627;627;627;627","0;0;0;0;0;0;0;0;0;0;0;0;0;0;0;0;0;0;0;0;0;0;59363;23580;0;0;0;0;0;0;0;0;0;0;0;0;0;0;0"
"697","chr3",122384062,122384462,401,"*",4.38825341549158,4.55631393266377,4.19800199642889,-0.98948248008766,0.0273398615586953,0.721746279010439,"Promoter (<=1kb)",3,122384161,122412322,28162,1,"26355","ENST00000693245.1",0,"ENSG00000114023","FAM162A","family with sequence similarity 162 member A","ENST00000291458.9;ENST00000497726.5;ENST00000479899.5;ENST00000498466.1;ENST00000693245.1;ENST00000692876.1;ENST00000232125.9;ENST00000687114.1;ENST00000688794.1;ENST00000685650.1;ENST00000688631.1;ENST00000686831.1;ENST00000477892.5;ENST00000469967.1;ENST00000684791.1;ENST00000689215.1","131076;131076;131076;131076;26355;26355;26355;26355;26355;26355;26355;26355;26355;26355;26355;26355","0;0;0;0;0;0;0;0;0;0;0;0;0;0;0;0"
"7399","chr20",25798244,25798644,401,"*",2.45732475120417,2.4590208600915,2.4556266459339,-0.627470150545306,0.375000938733517,0.935179287535404,"Promoter (<=1kb)",20,25773962,25798388,24427,2,"728882","ENST00000663181.1",0,NA,"FAM182B","family with sequence similarity 182 member B","ENST00000666588.1;ENST00000485279.2;ENST00000663313.1;ENST00000584071.1;ENST00000582267.5;ENST00000665932.1;ENST00000478164.1;ENST00000663181.1;ENST00000453481.4;ENST00000670090.1;ENST00000376403.5;ENST00000658073.1;ENST00000657325.1;ENST00000662978.1;ENST00000657987.1;ENST00000584356.1;ENST00000661999.1","101926935;101926935;101926935;101926935;101926935;728882;728882;728882;728882;728882;728882;728882;728882;728882;728882;728882;728882","0;0;0;0;0;0;0;0;0;-2007;0;0;0;0;-2179;0;0"
"6010","chr4",112516480,112516880,401,"*",2.90165266049598,2.9049016449138,2.89839634276811,-0.633780079435613,0.297283041439622,0.912792070002812,"Promoter (<=1kb)",4,112513516,112516180,2665,2,"63973","ENST00000313341.4",-300,"ENSG00000178403","NEUROG2","neurogenin 2","ENST00000506057.1;ENST00000504009.1;ENST00000313341.4","105377372;105377372;63973","0;0;0"
"1174","chr1",97920441,97920841,401,"*",2.99077642526685,3.24684585915371,2.67923314412594,-1.18753191386111,0.0486376174006966,0.75468002974345,"Promoter (<=1kb)",1,97855030,97920997,65968,2,"1806","ENST00000460019.1",156,"ENSG00000188641","DPYD","dihydropyrimidine dehydrogenase","ENST00000646851.1;ENST00000370192.8;ENST00000306031.5;ENST00000460019.1","109729128;1806;1806;1806","0;0;0;0"
"1216","chr1",59296539,59296939,401,"*",5.11305544595032,5.19365139505499,5.02768921066172,-0.799870003832124,0.0499415585655661,0.75468002974345,"Promoter (<=1kb)",1,59296638,59321712,25075,1,"55277","ENST00000582567.1",0,"ENSG00000172456","FGGY","FGGY carbohydrate kinase domain containing","ENST00000647858.1;ENST00000665577.1;ENST00000582567.1;ENST00000413489.5;ENST00000634606.1;ENST00000474476.5;ENST00000462744.5;ENST00000371218.8;ENST00000495718.5;ENST00000583635.1;ENST00000430447.5;ENST00000303721.12;ENST00000634364.1","105378756;105378756;55277;55277;55277;55277;55277;55277;55277;55277;55277;55277;55277","0;-547;0;0;0;0;0;0;0;-47;0;0;0"
"1318","chr4",40316913,40317313,401,"*",3.39038037921389,3.58212445832975,3.16918841500866,-1.03832046045631,0.0542612790229223,0.760058391251099,"Promoter (<=1kb)",4,40316484,40330422,13939,1,"101060498","ENST00000510551.2",429,"ENSG00000249241","LINC02265","long intergenic non-protein coding RNA 2265","ENST00000510551.2","101060498","0"
"853","chr18",54269299,54269699,401,"*",3.90349865020997,4.08836694157603,3.69141049461122,-1.02614050661807,0.0344221373841075,0.736329354573057,"Promoter (<=1kb)",18,54269517,54298234,28718,1,"11201","ENST00000579534.6",0,"ENSG00000101751","POLI","DNA polymerase iota","ENST00000579534.6;ENST00000406285.7;ENST00000577612.5;ENST00000579434.5;ENST00000583136.5;ENST00000577971.5;ENST00000217800.9;ENST00000580880.1","11201;11201;11201;11201;11201;11201;11201;11201","0;0;0;0;0;0;-1663;-2471"
"2482","chr11",73295236,73295636,401,"*",2.30732585318758,2.58258106634404,1.9668702269785,-1.22503242297783,0.111440941718464,0.828574218057456,"Promoter (<=1kb)",11,73295730,73298625,2896,1,"5031","ENST00000680825.1",-94,"ENSG00000171631","P2RY6","pyrimidinergic receptor P2Y6","ENST00000393592.7;ENST00000540342.6;ENST00000679753.1;ENST00000542092.5;ENST00000349767.6;ENST00000618468.5;ENST00000393591.5;ENST00000393590.3;ENST00000540124.6;ENST00000536225.2;ENST00000535931.2;ENST00000544437.6;ENST00000680955.1;ENST00000538328.2;ENST00000680825.1","5031;5031;5031;5031;5031;5031;5031;5031;5031;5031;5031;5031;5031;5031;5031","0;0;0;0;0;0;0;0;0;0;0;0;0;0;-94"
"767","chr15",75258267,75258667,401,"*",2.84958495711954,3.17089544783352,2.43557621095818,-1.35068137550584,0.0307400406619189,0.736329354573057,"Promoter (<=1kb)",15,75258334,75273455,15122,1,"653641","ENST00000300576.6",0,"ENSG00000167195","GOLGA6C","golgin A6 family member C","ENST00000300576.6","653641","0"
"3548","chr2",149330000,149330400,401,"*",3.88888107402602,3.90924957276817,3.86822088218884,-0.67266828284906,0.167076573509887,0.867073447194784,"Promoter (<=1kb)",2,149329985,149473623,143639,1,"130574","ENST00000409381.5",15,"ENSG00000187123","LYPD6","LY6/PLAUR domain containing 6","ENST00000409381.5;ENST00000334166.9;ENST00000418762.5","130574;130574;130574","0;-187;-263"
"3686","chr19_GL949749v2_alt",134461,134861,401,"*",1.91453007546556,2.17513519175842,1.59623826224478,-1.17981884701488,0.173372428156848,0.867566754564746,"Promoter (<=1kb)",409,130494,134559,4066,2,"79165","ENST00000621927.1",0,"ENSG00000105617","LENG1","leukocyte receptor cluster member 1","ENST00000616323.1;ENST00000620573.4;ENST00000620419.4;ENST00000610829.1;ENST00000621927.1","147798;4849;4849;4849;79165","13197;21912;18236;15607;0"
"989","chr7",91880585,91880985,401,"*",3.76907680432466,3.95547073980831,3.55497732772738,-1.02872171666713,0.0395910491255249,0.738016614717424,"Promoter (<=1kb)",7,91880791,91886490,5700,1,"112267986","ENST00000668948.1",0,"ENSG00000287672","LOC112267986","uncharacterized LOC112267986","ENST00000668948.1;ENST00000454222.5;ENST00000351870.8;ENST00000419292.1;ENST00000406735.6;ENST00000456229.1;ENST00000442961.1;ENST00000425936.1;ENST00000481516.1","112267986;7978;7978;7978;7978;7978;7978;7978;7978","0;0;0;0;0;0;0;0;-146"
"3167","chr5",60945070,60945470,401,"*",4.26791881826308,4.28150260911133,4.25420591167032,-0.660024375444533,0.146226573924035,0.852005208949163,"Promoter (<=1kb)",5,60866454,60945070,78617,2,"1161","ENST00000676185.1",0,"ENSG00000049167","ERCC8","ERCC excision repair 8, CSA ubiquitin ligase complex subunit","ENST00000676185.1;ENST00000682217.1;ENST00000675042.2;ENST00000381118.7;ENST00000675378.1;ENST00000643034.1;ENST00000647431.2;ENST00000682375.1;ENST00000439176.6;ENST00000683052.1;ENST00000643708.1;ENST00000265038.10;ENST00000675452.2;ENST00000683460.1;ENST00000684621.1;ENST00000684453.1;ENST00000683199.1;ENST00000647486.2;ENST00000682246.1;ENST00000684394.1;ENST00000675229.1;ENST00000497892.6;ENST00000682418.1;ENST00000682380.1;ENST00000477893.1;ENST00000682041.1;ENST00000682874.1;ENST00000678452.1;ENST00000677756.1;ENST00000296597.10;ENST00000511107.1;ENST00000677932.1;ENST00000502658.1","1161;1161;1161;1161;1161;1161;1161;1161;1161;1161;1161;1161;1161;1161;1161;1161;1161;1161;1161;1161;1161;1161;1161;1161;1161;1161;1161;91942;91942;91942;91942;91942;91942","0;0;0;-19;0;-6;-62;-6;0;-62;-19;-6;-21;-6;-6;-12;-40;-62;-6;-7;-19;-8;-6;-6;-11;-12;-12;0;0;0;0;0;0"
"3069","chr4",13654169,13654569,401,"*",3.58244380998492,3.64747422950425,3.5143431651742,-0.762639879102236,0.14141459160326,0.84966716838657,"Promoter (<=1kb)",4,13654374,14003742,349369,1,"107986182","ENST00000669061.1",0,NA,"LOC107986182","uncharacterized LOC107986182","ENST00000510907.5;ENST00000669061.1","101929071;107986182","-610;0"
"403","chr15",82849687,82850087,401,"*",3.121786130953,3.45959379508872,2.67988798711887,-1.39786818316659,0.0156983626181682,0.71428997278346,"Promoter (<=1kb)",15,82836946,82849727,12782,2,"9455","ENST00000558090.2",0,"ENSG00000103942","HOMER2","homer scaffold protein 2","ENST00000558090.2;ENST00000450735.7;ENST00000304231.12;ENST00000558552.1;ENST00000558817.1;ENST00000561345.5","9455;9455;9455;9455;9455;9455","0;0;0;0;14172;48366"
"4405","chrX",47836484,47836884,401,"*",3.75659740791507,3.75545453639307,3.75773937479579,-0.629323524162491,0.208292486078836,0.872941424527616,"Promoter (<=1kb)",23,47836902,47925627,88726,1,"347344","ENST00000338637.13",-18,"ENSG00000197779","ZNF81","zinc finger protein 81","ENST00000338637.13;ENST00000376954.6;ENST00000334937.8;ENST00000376950.4","347344;347344;347344;347344","-18;-18;-62;-86"
"5515","chr15",78726825,78727225,401,"*",2.37752971254254,2.4621280134173,2.28765992629778,-0.7949853407783,0.26862555085557,0.899106045697261,"Promoter (<=1kb)",15,78692578,78727754,35177,2,"105370913","ENST00000558216.1",529,NA,"LOC105370913","uncharacterized LOC105370913","ENST00000558216.1;ENST00000565476.5","105370913;112268142","0;0"
"804","chr14",21511161,21511561,401,"*",4.55720980505443,4.69960558426,4.39920467069159,-0.932469491880873,0.032371552766834,0.736329354573057,"Promoter (<=1kb)",14,21498138,21511340,13203,2,"56339","ENST00000298717.9",0,"ENSG00000165819","METTL3","methyltransferase 3, N6-adenosine-methyltransferase complex catalytic subunit","ENST00000298717.9;ENST00000537163.5;ENST00000543235.5;ENST00000544248.1;ENST00000536201.5;ENST00000542054.5;ENST00000538267.5;ENST00000377543.3;ENST00000367606.7;ENST00000545319.1;ENST00000545788.1","56339;56339;56339;56339;56339;56339;56339;56339;56339;56339;56339","0;0;0;0;0;0;0;-1607;0;0;0"
"2902","chr8",94553457,94553857,401,"*",4.96179253411731,4.95654629955861,4.96701976030349,-0.623699037524121,0.132481397205925,0.843075870106387,"Promoter (<=1kb)",8,94553668,94570613,16946,1,"101926977","ENST00000658286.1",0,"ENSG00000253704","VIRMA-DT","VIRMA divergent transcript","ENST00000658286.1;ENST00000691473.1;ENST00000657799.1;ENST00000659133.3;ENST00000662944.1;ENST00000523011.1;ENST00000701441.1;ENST00000670081.1;ENST00000700813.1;ENST00000686492.1;ENST00000297591.10;ENST00000421249.2","101926977;101926977;101926977;101926977;101926977;101926977;101926977;101926977;101926977;101926977;25962;25962","0;0;0;0;0;0;0;0;0;0;0;0"
"2186","chr20",26057198,26057598,401,"*",2.44264138384634,2.70212721819176,2.12601983399855,-1.18901201178892,0.0957682940428358,0.80811316951243,"Promoter (<=1kb)",20,26057381,26082961,25581,1,"284800","ENST00000660813.1",0,"ENSG00000125804","FAM182A","family with sequence similarity 182 member A","ENST00000669090.1;ENST00000376398.6;ENST00000660813.1;ENST00000389261.4;ENST00000666563.1;ENST00000656743.1;ENST00000652966.1;ENST00000482133.2;ENST00000670756.1;ENST00000657899.1;ENST00000663268.1;ENST00000653748.1","284800;284800;284800;284800;284800;284800;284800;284800;284800;284800;284800;284800","0;0;0;0;0;0;0;0;-2041;-2042;-2055;-2057"
"2615","chr13",49936040,49936440,401,"*",4.79499517395613,4.80818628110968,4.78168234167924,-0.660363749210877,0.118362556879658,0.833432253908771,"Promoter (<=1kb)",13,49912702,49936340,23639,2,"57213","ENST00000361840.8",0,"ENSG00000123178","SPRYD7","SPRY domain containing 7","ENST00000361840.8;ENST00000378195.6;ENST00000613924.1;ENST00000492258.1","57213;57213;57213;57213","0;0;0;-287"
"1602","chrX",15335438,15335838,401,"*",3.92347959647288,4.04495434256118,3.79082843066912,-0.8841890620631,0.0690813994934373,0.791976088563902,"Promoter (<=1kb)",23,15319456,15335523,16068,2,"5277","ENST00000333590.6",0,"ENSG00000165195","PIGA","phosphatidylinositol glycan anchor biosynthesis class A","ENST00000635631.1;ENST00000542278.6;ENST00000333590.6;ENST00000635045.1;ENST00000635598.1;ENST00000637626.1;ENST00000638131.1;ENST00000637296.1;ENST00000634582.1;ENST00000482148.6;ENST00000634640.1;ENST00000634286.1;ENST00000474662.2;ENST00000635543.1","5277;5277;5277;5277;5277;5277;5277;5277;5277;5277;5277;5277;5277;5277","-4463;-9;0;0;0;0;0;0;0;0;0;-3715;0;-31"
"2028","chr11",71240993,71241393,401,"*",2.88847731501943,3.08632634663744,2.65911695976171,-1.04856424577054,0.0887572369222081,0.806139830062272,"Promoter (<=1kb)",11,71174693,71240924,66232,2,"22941","ENST00000482659.2",-69,"ENSG00000162105","SHANK2","SH3 and multiple ankyrin repeat domains 2","ENST00000601538.6;ENST00000482659.2","22941;22941","0;-69"
"3302","chr3",122793870,122794270,401,"*",4.46419655048485,4.46149467691642,4.46689337345241,-0.627927871754168,0.153847128313212,0.860470349363414,"Promoter (<=1kb)",3,122739999,122793831,53833,2,"79663","ENST00000306103.3",-39,"ENSG00000169087","HSPBAP1","HSPB1 associated protein 1","ENST00000306103.3;ENST00000465044.5;ENST00000467643.5;ENST00000478601.1;ENST00000261038.6;ENST00000477647.1","79663;79663;79663;79663;84925;84925","-39;-156;-111;-210;0;0"
"3088","chr17",40027036,40027436,401,"*",2.24012174970312,2.4654343618927,1.97298912096095,-1.10365103820563,0.142451272585334,0.84986445801574,"Promoter (<=1kb)",17,40026306,40027149,844,2,"9862","ENST00000495586.1",0,"ENSG00000008838","MED24","mediator complex subunit 24","ENST00000459577.1;ENST00000614287.1;ENST00000394126.5;ENST00000356271.7;ENST00000394128.7;ENST00000394127.6;ENST00000491466.5;ENST00000535508.6;ENST00000422942.6;ENST00000501516.7;ENST00000535071.6;ENST00000492176.2;ENST00000580720.1;ENST00000580885.5;ENST00000581058.5;ENST00000580921.5;ENST00000584782.5;ENST00000495586.1;ENST00000578901.1;ENST00000584077.1","101340251;102466757;9862;9862;9862;9862;9862;9862;9862;9862;9862;9862;9862;9862;9862;9862;9862;9862;9862;9862","209;-627;0;0;0;0;-4594;0;-3876;0;0;-3385;-586;0;0;0;0;0;0;4997"
"3140","chr7",44999712,45000112,401,"*",3.37870860542426,3.45721459728087,3.29568352444412,-0.789853283181829,0.145011631078046,0.852005208949163,"Promoter (<=1kb)",7,45000188,45076469,76282,1,"83605","ENST00000541586.5",-76,"ENSG00000136280","CCM2","CCM2 scaffold protein","ENST00000461377.5;ENST00000541586.5;ENST00000544363.5;ENST00000478582.5;ENST00000258781.11;ENST00000488727.5;ENST00000648329.1","83605;83605;83605;83605;83605;83605;83605","0;-76;-76;-77;-89;-137;-188"
"5343","chr21",44370143,44370543,401,"*",3.40537453690308,3.39130137571496,3.41931174275812,-0.602521746610896,0.26004779160893,0.897274837238416,"Promoter (1-2kb)",21,44369121,44443081,73961,1,"7226","ENST00000498430.5",1022,"ENSG00000142185","TRPM2","transient receptor potential cation channel subfamily M member 2","ENST00000300482.9;ENST00000431901.5;ENST00000397928.6;ENST00000397932.6;ENST00000300481.13;ENST00000498430.5","7226;7226;7226;7226;7226;7226","0;19839;0;0;0;0"
"5199","chr19",39498042,39498442,401,"*",3.66702184823127,3.64365753146684,3.69001380432081,-0.585064795534731,0.251552816128353,0.893005934031443,"Promoter (<=1kb)",19,39498895,39505653,6759,1,"10683","ENST00000600437.1",-453,"ENSG00000090932","DLL3","delta like canonical Notch ligand 3","ENST00000600437.1;ENST00000356433.10;ENST00000596614.5;ENST00000600579.1;ENST00000205143.4;ENST00000607714.6","10683;10683;10683;10683;10683;92609","-453;0;0;-526;0;0"
"972","chr10",68527294,68527694,401,"*",4.74142915064275,4.85880306299868,4.61365350040952,-0.877965382611573,0.0389247287803391,0.738016614717424,"Promoter (<=1kb)",10,68477998,68527523,49526,2,"8034","ENST00000609923.6",0,"ENSG00000122912","SLC25A16","solute carrier family 25 member 16","ENST00000609923.6;ENST00000493963.5;ENST00000491102.2","8034;8034;8034","0;0;0"
"1727","chr19_GL949747v2_alt",134368,134768,401,"*",1.69941040148472,2.17475943409296,0.985689453746006,-1.75943055580359,0.0744221889780957,0.795157892475543,"Promoter (<=1kb)",407,130494,134559,4066,2,"79165","ENST00000614037.1",0,"ENSG00000105617","LENG1","leukocyte receptor cluster member 1","ENST00000619470.1;ENST00000612924.4;ENST00000614649.4;ENST00000617218.1;ENST00000614037.1","147798;4849;4849;4849;79165","13290;21819;18143;15514;0"
"3047","chr7",99506403,99506803,401,"*",4.55666198810363,4.55864626333107,4.55467497995512,-0.637542177800135,0.140100224658136,0.848322778351773,"Promoter (1-2kb)",7,99505254,99534700,29447,1,"23660","ENST00000454175.1",1149,"ENSG00000196652","ZKSCAN5","zinc finger with KRAB and SCAN domains 5","ENST00000326775.10;ENST00000451158.5;ENST00000394170.6;ENST00000454175.1;ENST00000493485.5;ENST00000651061.1","23660;23660;23660;23660;285989;84124","0;0;0;0;0;0"
"5670","chr7",146115872,146116272,401,"*",3.34390647347757,3.3236648357064,3.36386803731099,-0.590123329058664,0.277642790892716,0.903840187419888,"Promoter (<=1kb)",7,146116002,146839861,723860,1,"26047","ENST00000625365.2",0,"ENSG00000174469","CNTNAP2","contactin associated protein 2","ENST00000625365.2;ENST00000361727.8;ENST00000637150.1","26047;26047;26047","0;0;-676"
"7737","chr19_GL949747v2_alt",112123,112523,401,"*",1.46801930676268,1.58332734778181,1.3426883348519,-0.842886024310222,0.39265440962169,0.936876811707129,"Promoter (<=1kb)",407,112549,130558,18010,1,"4849","ENST00000612924.4",-26,"ENSG00000088038","CNOT3","CCR4-NOT transcription complex subunit 3","ENST00000612924.4;ENST00000614649.4","4849;4849","-26;-3702"
"3024","chr11",61392266,61392666,401,"*",3.22595189892579,3.32208355756871,3.12295445016908,-0.826378418217044,0.139295064404885,0.848322778351773,"Promoter (<=1kb)",11,61392393,61398493,6101,1,"51259","ENST00000398979.7",0,"ENSG00000187049","TMEM216","transmembrane protein 216","ENST00000398979.7;ENST00000334888.10;ENST00000515837.7;ENST00000690736.1;ENST00000544795.6;ENST00000688959.1;ENST00000684926.1;ENST00000541473.1","51259;51259;51259;51259;51259;51259;51259;51259","0;0;0;0;0;0;0;0"
"216","chr18",11857276,11857676,401,"*",3.1271967349236,3.52410769512403,2.57781805033288,-1.56160766009615,0.00754460642952276,0.641805656647481,"Promoter (<=1kb)",18,11857440,11881172,23733,1,"2774","ENST00000602628.1",0,"ENSG00000141404","GNAL","G protein subunit alpha L","ENST00000334049.11;ENST00000535121.5;ENST00000269162.9;ENST00000423027.8;ENST00000585642.5;ENST00000590228.1;ENST00000602628.1;ENST00000526991.3","2774;2774;2774;2774;2774;2774;2774;57132","0;0;0;0;0;0;0;0"
"1232","chr19",58543856,58544256,401,"*",4.89269541502861,4.9808769392828,4.79877107019851,-0.815569966472001,0.0505760696945396,0.75468002974345,"Promoter (<=1kb)",19,58544064,58550715,6652,1,"10155","ENST00000253024.10",0,"ENSG00000130726","TRIM28","tripartite motif containing 28","ENST00000253024.10;ENST00000593582.5;ENST00000594806.5;ENST00000341753.10;ENST00000597968.1;ENST00000597618.5;ENST00000597423.1;ENST00000597172.5;ENST00000601150.5;ENST00000597995.1;ENST00000597136.1;ENST00000595028.1;ENST00000600130.1","10155;10155;10155;10155;10155;10155;10155;10155;10155;10155;10155;10155;84878","0;0;-201;-217;-911;-2879;-2884;-3303;-3435;-3506;-4038;-4613;0"
"5593","chr3",72887711,72888111,401,"*",3.41466833750551,3.39287597878963,3.43613640824061,-0.587324228961204,0.273489897581851,0.902481127393666,"Promoter (<=1kb)",3,72888046,72976915,88870,1,"727936","ENST00000389617.9",0,"ENSG00000172986","GXYLT2","glucoside xylosyltransferase 2","ENST00000389617.9","727936","0"
"40","chr17",59837532,59837932,401,"*",3.3204192527365,3.8040000010683,2.58775201147484,-1.82970921622738,0.00120877804440032,0.508676239297542,"Promoter (<=1kb)",17,59837931,59842255,4325,1,"406991","ENST00000592790.1",0,"ENSG00000284190","MIR21","microRNA 21","ENST00000592790.1;ENST00000362134.1;ENST00000262291.9;ENST00000592619.5;ENST00000591877.1;ENST00000591782.1;ENST00000588617.1;ENST00000587470.1","406991;406991;81671;81671;81671;81671;81671;81671","0;-3334;0;0;0;0;0;-19"
"420","chr11",28108065,28108465,401,"*",4.05645137976652,4.28660529968884,3.78248024455441,-1.13301219512931,0.0166425131172732,0.71428997278346,"Promoter (<=1kb)",11,28108248,28333507,225260,1,"196074","ENST00000406787.7",0,"ENSG00000169519","METTL15","methyltransferase like 15","ENST00000406787.7;ENST00000403099.5;ENST00000451385.6;ENST00000407364.8;ENST00000532947.2;ENST00000303459.10;ENST00000634973.1;ENST00000634627.1;ENST00000437814.1;ENST00000634762.1;ENST00000634721.1;ENST00000263181.7;ENST00000526288.1","196074;196074;196074;196074;196074;196074;196074;196074;196074;196074;196074;81930;81930","0;0;0;0;-1701;-1847;-1847;-1847;-1850;-1850;-1850;0;0"
"1220","chr13",27425969,27426369,401,"*",4.26705031056626,4.39133311976294,4.13104305046538,-0.891540316353897,0.0501164522266524,0.75468002974345,"Promoter (<=1kb)",13,27425411,27435688,10278,1,"2971","ENST00000470606.5",558,"ENSG00000122034","GTF3A","general transcription factor IIIA","ENST00000381140.10;ENST00000435781.5;ENST00000419181.5;ENST00000438571.5;ENST00000466776.5;ENST00000470606.5;ENST00000493903.1","2971;2971;2971;2971;2971;2971;2971","0;0;0;0;0;0;-2844"
"692","chr17",47649377,47649777,401,"*",5.23667362225526,5.35962928803174,5.10225430258417,-0.891116721832587,0.0270083284338934,0.720953575318892,"Promoter (<=1kb)",17,47603860,47649402,45543,2,"112268184","ENST00000582389.5",0,"ENSG00000263766","KPNB1-DT","KPNB1 divergent transcript","ENST00000582389.5;ENST00000584391.6;ENST00000580045.1;ENST00000535458.6;ENST00000583648.6;ENST00000290158.9;ENST00000577918.5;ENST00000577875.5;ENST00000540627.5","112268184;112268184;112268184;3837;3837;3837;3837;3837;3837","0;0;0;0;0;-142;-375;-581;-1419"
"5839","chr8",54381967,54382367,401,"*",3.09461961260118,3.08965138301645,3.09957079172264,-0.618469319279277,0.287508955327597,0.908872326645001,"Promoter (<=1kb)",8,54381698,54394870,13173,1,"105375840","ENST00000660715.1",269,"ENSG00000286471","LOC105375840","uncharacterized LOC105375840","ENST00000660715.1","105375840","0"
"1880","chr7",112450691,112451091,401,"*",4.55902464772376,4.61928076057635,4.49614174686328,-0.75606861025453,0.0823325153655553,0.805639753118679,"Promoter (<=1kb)",7,112451020,112458912,7893,1,"3475","ENST00000476927.5",0,"ENSG00000006652","IFRD1","interferon related developmental regulator 1","ENST00000675578.1;ENST00000432734.1;ENST00000005558.8;ENST00000621379.4;ENST00000443101.6;ENST00000445335.1;ENST00000417662.1;ENST00000429071.5;ENST00000674887.1;ENST00000675041.1;ENST00000675717.1;ENST00000674915.1;ENST00000403825.8;ENST00000675905.1;ENST00000676282.1;ENST00000476927.5;ENST00000440625.5;ENST00000535603.5","3475;3475;3475;3475;3475;3475;3475;3475;3475;3475;3475;3475;3475;3475;3475;3475;3475;3475","0;0;0;0;0;0;0;0;0;0;0;0;0;0;0;0;-967;-967"
"935","chr17",50200333,50200733,401,"*",4.65881469508831,4.78137572169967,4.5248669467501,-0.889069353384884,0.0375781934614568,0.736329354573057,"Promoter (<=1kb)",17,50199289,50200191,903,2,"1277","ENST00000507689.1",-142,"ENSG00000108821","COL1A1","collagen type I alpha 1 chain","ENST00000509943.2;ENST00000662496.1;ENST00000225964.10;ENST00000471344.1;ENST00000485870.1;ENST00000495677.1;ENST00000474644.1;ENST00000507689.1","101927230;101927230;1277;1277;1277;1277;1277;1277","0;-4694;0;-4668;-3738;-1631;0;-142"
"2876","chr12",120367546,120367946,401,"*",2.63213892332414,2.80486743071688,2.43588131410073,-0.988240472499929,0.131223109152967,0.840893342026224,"Promoter (<=1kb)",12,120346222,120368069,21848,2,"4440","ENST00000546985.1",123,"ENSG00000135097","MSI1","musashi RNA binding protein 1","ENST00000257552.7;ENST00000546985.1","4440;4440","0;0"
"1212","chr16",70346639,70347039,401,"*",4.02391720416225,4.16883150830981,3.86280448687279,-0.936012861330918,0.04985262827387,0.75468002974345,"Promoter (<=1kb)",16,70315442,70346806,31365,2,"100506083","ENST00000666089.1",0,"ENSG00000261777","DDX19A-DT","DDX19A divergent transcript","ENST00000666089.1;ENST00000562077.5;ENST00000570278.1;ENST00000565116.1;ENST00000567706.1;ENST00000443119.7;ENST00000562509.5;ENST00000565195.5;ENST00000569771.5;ENST00000566167.5;ENST00000569244.6;ENST00000302243.12;ENST00000561574.5;ENST00000562649.6;ENST00000569319.5;ENST00000417604.6","100506083;100506083;100506083;11269;11269;55308;55308;55308;55308;55308;55308;55308;55308;55308;55308;55308","0;0;0;0;0;0;0;0;0;0;0;0;0;0;0;0"
"3333","chr16",53503330,53503730,401,"*",4.39547447602971,4.39503706181025,4.39591175766869,-0.632418484237239,0.156224212865101,0.865387314473129,"Promoter (<=1kb)",16,53491379,53503244,11866,2,"64400","ENST00000300245.8",-86,"ENSG00000166971","AKTIP","AKT interacting protein","ENST00000394657.12;ENST00000300245.8;ENST00000570004.5;ENST00000568022.5;ENST00000563928.5;ENST00000563108.5;ENST00000565408.5;ENST00000568596.5;ENST00000566045.5;ENST00000561799.5;ENST00000570041.1;ENST00000564497.1","64400;64400;64400;64400;64400;64400;64400;64400;64400;64400;64400;64400","-121;-86;-107;-3001;-1561;-124;0;-124;-124;-121;-1842;-100"
"2589","chr22",41560667,41561067,401,"*",3.11346800795213,3.24447767709691,2.96936235668441,-0.900450871950726,0.116548828572726,0.830552451989193,"Promoter (<=1kb)",22,41551703,41560950,9248,2,"105373044","ENST00000664614.3",0,"ENSG00000286491","LOC105373044","uncharacterized LOC105373044","ENST00000664614.3;ENST00000306149.12","105373044;27254","0;0"
"4314","chr7",16465549,16465949,401,"*",3.02953514675456,3.08718707737399,2.96948312836304,-0.744548432424124,0.204291595046096,0.872941424527616,"Promoter (<=1kb)",7,16461481,16465738,4258,2,"25928","ENST00000307068.5",0,"ENSG00000171243","SOSTDC1","sclerostin domain containing 1","ENST00000307068.5;ENST00000396652.1;ENST00000675257.1;ENST00000674759.1","25928;25928;729920;729920","0;0;0;0"
"2596","chr19",42325392,42325792,401,"*",4.94895069381674,4.95603346105391,4.94183298281767,-0.648358373787873,0.116846156037393,0.831090755230583,"Promoter (<=1kb)",19,42325609,42378769,53161,1,"1954","ENST00000334370.8",0,"ENSG00000105429","MEGF8","multiple EGF like domains 8","ENST00000334370.8;ENST00000378073.5;ENST00000251268.11;ENST00000301204.8;ENST00000673205.1;ENST00000598766.1;ENST00000673187.1;ENST00000601644.1","1954;1954;1954;284339;284339;284339;284339;284339","0;0;0;0;0;0;0;5033"
"6240","chr2",218068944,218069344,401,"*",2.79903711094726,2.80569077619221,2.79235261696636,-0.639951119093521,0.311219645085647,0.919541704352633,"Promoter (<=1kb)",2,218068986,218070623,1638,1,"285180","ENST00000480164.5",0,"ENSG00000188282","RUFY4","RUN and FYVE domain containing 4","ENST00000497857.5;ENST00000457754.6;ENST00000463618.6;ENST00000465568.5;ENST00000480164.5;ENST00000472496.1;ENST00000697321.1;ENST00000374155.7;ENST00000495721.1;ENST00000344321.8;ENST00000463872.1","285180;285180;285180;285180;285180;285180;285180;285180;285180;285180;285180","0;0;0;0;0;0;0;0;-962;-1152;-3527"
"2101","chr17",28719594,28719994,401,"*",4.56660342387024,4.61526654276556,4.5162413914916,-0.732016595011501,0.0920984497942094,0.807723632760235,"Promoter (<=1kb)",17,28719985,28724359,4375,1,"6147","ENST00000422514.7",0,"ENSG00000198242","RPL23A","ribosomal protein L23a","ENST00000292090.8;ENST00000581236.1;ENST00000394933.7;ENST00000580518.1;ENST00000459083.1;ENST00000459174.1;ENST00000458893.1;ENST00000459584.1;ENST00000422514.7;ENST00000582736.1;ENST00000496182.5;ENST00000394938.8;ENST00000394935.7;ENST00000355731.8;ENST00000472628.1;ENST00000578181.1;ENST00000580755.1;ENST00000453384.7;ENST00000395243.7;ENST00000395245.9;ENST00000625712.2;ENST00000301043.10;ENST00000450529.5;ENST00000415040.6;ENST00000484161.5;ENST00000422279.6;ENST00000474704.1;ENST00000436730.7;ENST00000430132.6;ENST00000583538.5;ENST00000636772.1;ENST00000353676.9;ENST00000412625.5;ENST00000496866.1;ENST00000636513.1;ENST00000419712.7;ENST00000481501.1;ENST00000636154.2;ENST00000636534.2;ENST00000580843.6;ENST00000483554.1;ENST00000482688.5;ENST00000582934.1","116238;116238;116238;116238;26772;26773;26808;26809;6147;6147;6147;6147;6147;6147;6147;6147;6147;83871;83871;83871;83871;83871;83871;83871;83871;83871;83871;83871;83871;83871;83871;83871;83871;83871;83871;83871;83871;83871;83871;83871;83871;83871;83871","6239;4856;6938;7941;-3688;-2588;-556;-3435;0;0;-85;-250;-270;-305;-575;-711;-3306;-1326;-1846;-1726;-1428;-1179;-1428;-1411;-4109;-2201;-3876;-1433;-1189;-1427;-1744;-1372;-1165;-4076;-1886;-1427;-3221;-1886;-1326;-1427;-1887;-1427;-1427"
"1292","chr22",23838972,23839372,401,"*",3.45172166259269,3.64062668077109,3.23430095291387,-1.03236062561758,0.0529294456781527,0.756500832678465,"Promoter (<=1kb)",22,23834503,23839006,4504,2,"91319","ENST00000318109.12",0,"ENSG00000099958","DERL3","derlin 3","ENST00000407422.8;ENST00000344921.11;ENST00000644036.2;ENST00000647057.1;ENST00000263121.12;ENST00000646723.1;ENST00000644462.1;ENST00000645799.1;ENST00000464023.1;ENST00000318109.12;ENST00000404056.1;ENST00000406855.7;ENST00000290730.11;ENST00000493596.5;ENST00000464034.5;ENST00000488272.5;ENST00000476077.1;ENST00000464110.1","6598;6598;6598;6598;6598;6598;6598;6598;91319;91319;91319;91319;91319;91319;91319;91319;91319;91319","0;0;0;0;0;0;47171;15864;-2458;0;0;0;0;-1288;-1274;-769;0;0"
"3420","chr14",54565020,54565420,401,"*",4.32690953852951,4.32532270389757,4.32849462970373,-0.629868982943351,0.160843503448046,0.867073447194784,"Promoter (<=1kb)",14,54566117,54567910,1794,1,"23034","ENST00000673751.1",-697,"ENSG00000020577","SAMD4A","sterile alpha motif domain containing 4A","ENST00000673751.1;ENST00000554335.6;ENST00000673833.1;ENST00000251091.9;ENST00000392067.7;ENST00000631086.2;ENST00000555112.1","23034;23034;23034;23034;23034;23034;23034","0;0;0;0;0;0;0"
"3667","chr16",57185898,57186298,401,"*",4.03775363900809,4.04632108760646,4.02913500849664,-0.649314230013469,0.172681032098801,0.867566754564746,"Promoter (<=1kb)",16,57152466,57186039,33574,2,"80011","ENST00000309137.13",0,"ENSG00000172775","PSME3IP1","proteasome activator subunit 3 interacting protein 1","ENST00000309137.13;ENST00000566077.5;ENST00000567439.5;ENST00000564108.5;ENST00000562324.5;ENST00000567044.5;ENST00000565458.5;ENST00000562406.5;ENST00000566584.5;ENST00000568671.5;ENST00000565760.5;ENST00000566481.5;ENST00000570184.1;ENST00000566681.1;ENST00000565353.1;ENST00000562400.1;ENST00000562439.5;ENST00000564435.5;ENST00000562959.1;ENST00000568505.6;ENST00000566352.1;ENST00000394420.9;ENST00000537866.5","80011;80011;80011;80011;80011;80011;80011;80011;80011;80011;80011;80011;80011;80011;80011;80011;89970;89970;89970;89970;89970;89970;89970","0;0;0;0;0;-76;0;-81;0;-81;0;0;0;0;0;-4108;0;0;0;-9;-13;-31;-35"
"1053","chr9",34458487,34458887,401,"*",4.05711376143829,4.21132271750584,3.88442668033042,-0.957039180756544,0.042959398212561,0.752700427231152,"Promoter (<=1kb)",9,34398184,34458552,60369,2,"203259","ENST00000379080.5",0,"ENSG00000164970","FAM219A","family with sequence similarity 219 member A","ENST00000379080.5;ENST00000379081.5;ENST00000379084.5;ENST00000379087.5;ENST00000379089.5;ENST00000651358.1;ENST00000445726.5;ENST00000297620.8;ENST00000422409.5;ENST00000379078.1;ENST00000470982.5;ENST00000614641.4;ENST00000242317.9;ENST00000437363.5","203259;203259;203259;203259;203259;203259;203259;203259;203259;203259;27019;27019;27019;27019","0;0;0;0;0;0;0;0;0;0;0;0;0;0"
"286","chr19",6425010,6425410,401,"*",5.55974493485909,5.7319546117652,5.36415709067376,-1.00184523931621,0.0101335426301311,0.655243370136417,"Promoter (<=1kb)",19,6413102,6424811,11710,2,"8570","ENST00000600480.2",-199,"ENSG00000088247","KHSRP","KH-type splicing regulatory protein","ENST00000321510.7;ENST00000597558.5;ENST00000458275.6;ENST00000600480.2;ENST00000398148.7;ENST00000595112.5;ENST00000599395.5;ENST00000595548.5;ENST00000595258.1;ENST00000597704.1","284427;284427;284427;8570;8570;8570;8570;8570;8570;8570","8353;8369;8352;-199;-216;-3312;-481;-683;-733;-2653"
"2170","chr19",7829746,7830146,401,"*",4.92559652978859,4.95501219562778,4.89556859106826,-0.693359666969931,0.095261229372296,0.80811316951243,"Promoter (<=1kb)",19,7830218,7864976,34759,1,"115704","ENST00000538904.7",-72,"ENSG00000142459","EVI5L","ecotropic viral integration site 5 like","ENST00000538904.7;ENST00000270530.8","115704;115704","-72;-87"
"2726","chr1",59393225,59393625,401,"*",3.79272688413079,3.8578205469118,3.72455687906803,-0.763804645265184,0.124025667503122,0.840148963053201,"Promoter (<=1kb)",1,59393208,59626023,232816,1,"55277","ENST00000475949.5",17,"ENSG00000172456","FGGY","FGGY carbohydrate kinase domain containing","ENST00000634606.1;ENST00000474476.5;ENST00000371218.8;ENST00000495718.5;ENST00000430447.5;ENST00000303721.12;ENST00000634364.1;ENST00000635297.1;ENST00000634399.1;ENST00000635156.1;ENST00000424725.2;ENST00000371212.5;ENST00000475949.5","55277;55277;55277;55277;55277;55277;55277;55277;55277;55277;55277;55277;55277","0;0;0;0;0;0;0;0;0;0;0;0;0"
"2592","chr11",106077118,106077518,401,"*",4.89954037755293,4.90926998519711,4.88974470716474,-0.653557678194951,0.116590827089382,0.830552451989193,"Promoter (<=1kb)",11,106051098,106077347,26250,2,"143879","ENST00000531837.2",0,"ENSG00000182359","KBTBD3","kelch repeat and BTB domain containing 3","ENST00000531837.2;ENST00000534815.1;ENST00000526793.5;ENST00000532662.1;ENST00000528483.1;ENST00000526805.1;ENST00000533423.5;ENST00000524411.5;ENST00000525660.1;ENST00000278618.9","143879;143879;143879;143879;143879;143879;60496;60496;60496;60496","0;0;0;-418;-479;0;0;0;-140;-144"
"244","chr19",49766583,49766983,401,"*",4.80893008555897,5.02638163763111,4.55278459174672,-1.10562539030958,0.00869256631508687,0.642955711196937,"Promoter (<=1kb)",19,49767001,49807114,40114,1,"160","ENST00000354293.10",-18,"ENSG00000196961","AP2A1","adaptor related protein complex 2 subunit alpha 1","ENST00000354293.10;ENST00000600199.1;ENST00000359032.9;ENST00000597774.5;ENST00000246801.8","160;160;160;160;60385","-18;-24;-151;-153;0"
"1820","chr19",19063507,19063907,401,"*",4.75449034900182,4.80925648870767,4.69756291757337,-0.745025403161326,0.0793087449072022,0.803795342249595,"Promoter (<=1kb)",19,19063994,19113030,49037,1,"284439","ENST00000318596.8",-87,"ENSG00000181035","SLC25A42","solute carrier family 25 member 42","ENST00000318596.8;ENST00000597661.5;ENST00000546344.5;ENST00000540634.2","284439;284439;93436;93436","0;0;0;7609"
"109","chr9",74497243,74497643,401,"*",3.13110500401702,3.58437031574207,2.46650690948607,-1.72995519254267,0.00368886049675847,0.601858291874699,"Promoter (<=1kb)",9,74497335,74693177,195843,1,"6096","ENST00000376896.8",0,"ENSG00000198963","RORB","RAR related orphan receptor B","ENST00000417576.2;ENST00000376896.8","103752585;6096","0;0"
"2637","chr19",18224417,18224817,401,"*",3.89381437197826,3.95476140916171,3.83017860745838,-0.755558358802867,0.119181771671153,0.833432253908771,"Promoter (<=1kb)",19,18210543,18224493,13951,2,"5143","ENST00000447275.7",0,"ENSG00000105650","PDE4C","phosphodiesterase 4C","ENST00000594805.3;ENST00000355502.7;ENST00000262805.17;ENST00000594617.7;ENST00000447275.7;ENST00000597360.5;ENST00000594465.7;ENST00000539010.5;ENST00000599188.5;ENST00000598111.7;ENST00000597297.1;ENST00000593594.1;ENST00000595343.5;ENST00000597573.1;ENST00000610023.1;ENST00000599754.1","102725254;5143;5143;5143;5143;5143;5143;5143;5143;5143;5143;5143;5143;5143;5143;5143","19687;0;0;0;0;0;0;-3256;0;-3295;-3185;-3282;-3282;-3282;0;0"
"4176","chr12",68610401,68610801,401,"*",3.96278000660559,3.95688859291192,3.96864745983557,-0.620199213526652,0.1974945131588,0.870334449666864,"Promoter (<=1kb)",12,68610855,68650882,40028,1,"5908","ENST00000460800.5",-54,"ENSG00000127314","RAP1B","RAP1B, member of RAS oncogene family","ENST00000460800.5;ENST00000393436.9;ENST00000501412.2;ENST00000425247.6;ENST00000250559.14;ENST00000489473.6;ENST00000422358.6;ENST00000541167.5;ENST00000538283.5;ENST00000341355.9;ENST00000537460.5;ENST00000463493.5;ENST00000450214.6;ENST00000545270.5;ENST00000538980.5;ENST00000542018.5;ENST00000543393.5;ENST00000534899.5;ENST00000453560.6;ENST00000378985.7;ENST00000540209.5;ENST00000540781.5;ENST00000535492.5;ENST00000539091.5;ENST00000542145.5;ENST00000485252.6;ENST00000541386.5;ENST00000538877.5;ENST00000543697.5;ENST00000545720.6;ENST00000541216.1","5908;5908;5908;5908;5908;5908;5908;5908;5908;5908;5908;5908;5908;5908;5908;5908;5908;5908;5908;5908;5908;5908;5908;5908;5908;5908;5908;5908;5908;5908;5908","-54;-57;-98;-98;-98;-107;-107;-107;-107;-107;-107;-107;-107;-112;-117;-118;-118;-124;-124;-124;-124;-128;-128;-128;-128;-132;-137;-137;-138;-160;-224"
"900","chr5",168579469,168579869,401,"*",4.38084975171835,4.5261829512195,4.21921898657452,-0.938467625694421,0.0359369035869719,0.736329354573057,"Promoter (<=1kb)",5,168548495,168579368,30874,2,"79646","ENST00000239231.7",-101,"ENSG00000120137","PANK3","pantothenate kinase 3","ENST00000239231.7;ENST00000522176.1","79646;79646","-101;-119"
"1244","chr11",82900527,82900927,401,"*",4.59777596363954,4.69849579971174,4.48949320949815,-0.84163579422082,0.0510026682698729,0.75468002974345,"Promoter (<=1kb)",11,82823044,82900832,77789,2,"5547","ENST00000532809.2",0,"ENSG00000137509","PRCP","prolylcarboxypeptidase","ENST00000532277.5;ENST00000524921.5;ENST00000528759.5;ENST00000525361.5;ENST00000532764.5;ENST00000532589.5;ENST00000528189.5;ENST00000533655.6;ENST00000525388.5;ENST00000313010.8;ENST00000680437.1;ENST00000681155.1;ENST00000681322.1;ENST00000532809.2;ENST00000679623.1;ENST00000681637.1;ENST00000679387.1;ENST00000531801.6;ENST00000680566.1;ENST00000680524.1;ENST00000393399.6;ENST00000528082.6;ENST00000524642.6;ENST00000531283.2;ENST00000527444.6;ENST00000534631.5;ENST00000531128.5;ENST00000534396.5;ENST00000529671.5;ENST00000533126.1;ENST00000680341.1;ENST00000681126.1","220042;220042;220042;220042;220042;220042;220042;220042;220042;5547;5547;5547;5547;5547;5547;5547;5547;5547;5547;5547;5547;5547;5547;5547;5547;5547;5547;5547;5547;5547;5547;5547","0;0;0;0;0;0;0;0;0;-97;-96;-68;-47;0;0;0;0;0;0;0;-97;0;-97;-97;-97;0;0;0;0;0;-96;-215"
"3879","chr17",42824016,42824416,401,"*",4.09661358263548,4.09244570675869,4.10076945239812,-0.624199151883543,0.182572443325222,0.867566754564746,"Promoter (<=1kb)",17,42824385,42833026,8642,1,"107985007","ENST00000592458.5",0,NA,NA,NA,"ENST00000545225.5;ENST00000621616.1;ENST00000592458.5;ENST00000361523.8;ENST00000617806.4;ENST00000590099.6;ENST00000438274.7;ENST00000543382.6;ENST00000593205.5;ENST00000591085.1;ENST00000585515.5;ENST00000591307.5;ENST00000593112.1;ENST00000589636.5;ENST00000612631.1","10197;102465468;107985007;8678;8678;8678;8678;8678;8678;8678;8678;8678;8678;8678;8678","0;-73;0;0;0;0;0;0;0;0;0;0;0;0;0"
"3296","chr11",78188372,78188772,401,"*",4.87506652321156,4.85615533594364,4.89373302214534,-0.596659698678365,0.153502010248061,0.860177613969703,"Promoter (<=1kb)",11,78171249,78188626,17378,2,"283219","ENST00000340067.4",0,"ENSG00000188997","KCTD21","potassium channel tetramerization domain containing 21","ENST00000340067.4;ENST00000526208.5;ENST00000529350.1;ENST00000530018.5;ENST00000528776.1;ENST00000530267.5;ENST00000530535.5;ENST00000528910.5;ENST00000529308.6","283219;283219;283219;283219;283219;57558;57558;57558;57558","0;0;0;0;0;-40;-51;-131;-147"
"1767","chr4",80335658,80336058,401,"*",4.613101354991,4.67691953422578,4.54632896918882,-0.763641115125121,0.0767374553314614,0.80109439680568,"Promoter (<=1kb)",4,80335730,80963750,628021,1,"255119","ENST00000358105.8",0,"ENSG00000197826","CFAP299","cilia and flagella associated protein 299","ENST00000507780.1;ENST00000358105.8;ENST00000512931.5;ENST00000514249.5;ENST00000502497.5;ENST00000513920.5;ENST00000508675.1;ENST00000503883.1","2250;255119;255119;255119;255119;255119;255119;255119","0;0;0;0;0;0;0;0"
"2562","chr15",45705650,45706050,401,"*",2.15694963598441,2.45747159303988,1.7768979978161,-1.28510842132886,0.11543716050958,0.829965087376057,"Promoter (<=1kb)",15,45705195,45931069,225875,1,"105370802","ENST00000559600.1",455,"ENSG00000259200","LOC105370802","uncharacterized LOC105370802","ENST00000560705.1;ENST00000559600.1","105370802;105370802","0;0"
"1794","chr14",64914265,64914665,401,"*",4.75467172544115,4.80979554933557,4.69735771801985,-0.745903834826028,0.0779675340056928,0.80147634796538,"Promoter (<=1kb)",14,64914443,64944591,30149,1,"100529261","ENST00000551947.6",0,"ENSG00000125954","CHURC1-FNTB","CHURC1-FNTB readthrough","ENST00000551947.6;ENST00000556089.1;ENST00000551093.6;ENST00000552941.6;ENST00000549987.1;ENST00000607599.6;ENST00000548752.7;ENST00000549115.7;ENST00000552002.7","100529261;100529261;100529261;100529261;100529261;91612;91612;91612;91612","0;0;0;0;0;0;0;0;0"
"2423","chr17",80147103,80147503,401,"*",4.89443995356204,4.91239322576814,4.87626044790435,-0.670176646179974,0.107424060395596,0.818250374612745,"Promoter (<=1kb)",17,80134369,80147128,12760,2,"9775","ENST00000649764.2",0,"ENSG00000141543","EIF4A3","eukaryotic translation initiation factor 4A3","ENST00000649764.2;ENST00000647795.1;ENST00000576547.2;ENST00000575957.1","9775;9775;9775;9775","0;0;0;0"
"1746","chrX",130401812,130402212,401,"*",3.13934007657583,3.32444914760115,2.92693481855278,-1.02081196760679,0.0755230461540256,0.798540704703485,"Promoter (<=1kb)",23,130401987,130413656,11670,1,"51634","ENST00000305536.11",0,"ENSG00000134597","RBMX2","RNA binding motif protein X-linked 2","ENST00000305536.11;ENST00000469953.1;ENST00000370947.1","51634;51634;51634","0;0;0"
"4509","chr12",53451744,53452144,401,"*",3.5821037808878,3.5866797558206,3.5775132455721,-0.640219373550195,0.213844314958324,0.875855677269414,"Promoter (<=1kb)",12,53452102,53479826,27725,1,"5094","ENST00000359282.9",0,"ENSG00000197111","PCBP2","poly(rC) binding protein 2","ENST00000547717.1;ENST00000359282.9;ENST00000437231.5;ENST00000447282.5;ENST00000546463.6;ENST00000549863.5;ENST00000359462.9;ENST00000550520.6;ENST00000552296.6;ENST00000550192.5;ENST00000551104.5;ENST00000552980.6;ENST00000552819.5;ENST00000550910.1;ENST00000455667.7;ENST00000439930.7;ENST00000548933.5;ENST00000546652.6;ENST00000562264.5;ENST00000548190.1;ENST00000550585.5","5094;5094;5094;5094;5094;5094;5094;5094;5094;5094;5094;5094;5094;5094;5094;5094;5094;5094;5094;5094;5094","0;0;0;0;0;0;0;0;0;0;0;-2240;-2590;-2592;-2593;-2635;-2641;-2666;-2716;-3765;-3796"
"356","chr19",48965083,48965483,401,"*",2.75041204728115,3.17181232442039,2.1526391808599,-1.62699586498423,0.0131796858688861,0.683493228204861,"Promoter (<=1kb)",19,48965309,48966879,1571,1,"2512","ENST00000331825.11",0,"ENSG00000087086","FTL","ferritin light chain","ENST00000331825.11;ENST00000323798.8;ENST00000263276.6;ENST00000502487.5;ENST00000345358.12;ENST00000513545.5;ENST00000539787.2;ENST00000356483.8;ENST00000415969.6;ENST00000354470.7;ENST00000506183.5;ENST00000293288.12;ENST00000503726.2;ENST00000513217.1","2512;2997;2997;581;581;581;581;581;581;581;581;581;581;581","0;27826;27827;0;0;0;0;0;0;0;0;0;9575;9230"
"3765","chr19",44304682,44305082,401,"*",3.73143363157531,3.75545312993916,3.70700745101644,-0.679196833534266,0.176942624858726,0.867566754564746,"Promoter (<=1kb)",19,44236110,44305019,68910,2,"9310","ENST00000589799.5",0,"ENSG00000159917","ZNF235","zinc finger protein 235","ENST00000592844.5;ENST00000589799.5;ENST00000589248.5;ENST00000291182.9;ENST00000650576.1;ENST00000591609.1","9310;9310;9310;9310;9310;9310","-1250;0;0;0;0;0"
"2172","chrX",78103978,78104378,401,"*",3.16747976180886,3.31971893794634,2.99725960266355,-0.947251900764316,0.0954670838793198,0.80811316951243,"Promoter (<=1kb)",23,78104248,78129295,25048,1,"5230","ENST00000373316.5",0,"ENSG00000102144","PGK1","phosphoglycerate kinase 1","ENST00000644362.1;ENST00000477335.5;ENST00000491291.1;ENST00000373316.5","5230;5230;5230;5230","0;0;0;0"
"5017","chr14",54773251,54773651,401,"*",3.66425492332641,3.64671628074618,3.68158290943091,-0.596518383599166,0.241750130810726,0.889839608866864,"Promoter (1-2kb)",14,54774962,54789128,14167,1,"23034","ENST00000556069.5",-1311,"ENSG00000020577","SAMD4A","sterile alpha motif domain containing 4A","ENST00000554335.6;ENST00000251091.9;ENST00000392067.7;ENST00000631086.2;ENST00000555192.1;ENST00000556069.5;ENST00000553988.5","23034;23034;23034;23034;23034;23034;23034","0;0;0;0;0;-1311;-2760"
"5934","chr11",45147164,45147564,401,"*",3.18964711340978,3.17172093843697,3.20735327803405,-0.594106814868247,0.2926529452082,0.910035507663011,"Promoter (<=1kb)",11,45147343,45225087,77745,1,"56981","ENST00000424263.6",0,"ENSG00000019485","PRDM11","PR/SET domain 11","ENST00000530656.5;ENST00000534751.3;ENST00000683152.1;ENST00000424263.6;ENST00000622142.5","56981;56981;56981;56981;56981","0;0;0;0;0"
"85","chr4",83034747,83035147,401,"*",5.21773502910155,5.47711337250183,4.9012737141812,-1.20856193644819,0.00284268843833538,0.601858291874699,"Promoter (<=1kb)",4,83035171,83049515,14345,1,"51138","ENST00000511891.5",-24,"ENSG00000138663","COPS4","COP9 signalosome subunit 4","ENST00000509093.5;ENST00000511891.5;ENST00000509317.5;ENST00000510801.5;ENST00000264389.7;ENST00000506443.5;ENST00000507376.1;ENST00000503682.5;ENST00000511653.1;ENST00000511708.1","51138;51138;51138;51138;51138;51138;51138;51138;51138;51138","0;-24;-26;-27;-36;-52;-54;-60;-78;-283"
"1622","chr3",186109092,186109492,401,"*",4.44620561859472,4.52677034707898,4.36087440935533,-0.798350912160239,0.0698115581982041,0.791976088563902,"Promoter (<=1kb)",3,186046314,186109089,62776,2,"2119","ENST00000306376.10",-3,"ENSG00000244405","ETV5","ETS variant transcription factor 5","ENST00000306376.10;ENST00000434744.5;ENST00000472868.6;ENST00000440773.5;ENST00000421809.5;ENST00000413301.5;ENST00000422039.1;ENST00000476890.1;ENST00000475484.1;ENST00000495808.1;ENST00000447054.5","2119;2119;2119;2119;2119;2119;2119;2119;2119;2119;2119","0;0;0;0;0;0;0;0;-3602;-3368;0"
"2861","chr14",68939887,68940287,401,"*",3.51123651673309,3.59048296157983,3.42738280822235,-0.79218260955823,0.130462308307151,0.840893342026224,"Promoter (1-2kb)",14,68874133,68938002,63870,2,"87","ENST00000684182.1",-1885,"ENSG00000072110","ACTN1","actinin alpha 1","ENST00000394419.9;ENST00000684639.1;ENST00000683198.1;ENST00000683780.1;ENST00000684638.1;ENST00000684182.1;ENST00000683225.1;ENST00000682130.1;ENST00000682291.1;ENST00000682298.1;ENST00000682331.1;ENST00000682378.1;ENST00000682381.1;ENST00000683069.1;ENST00000683267.1;ENST00000684146.1;ENST00000684340.1;ENST00000684598.1;ENST00000193403.10;ENST00000684713.1;ENST00000438964.6;ENST00000679147.1;ENST00000376839.7;ENST00000682559.1;ENST00000538545.6;ENST00000683342.1;ENST00000555616.5;ENST00000556433.5;ENST00000554508.6;ENST00000683261.1;ENST00000553370.5;ENST00000682602.1;ENST00000553779.5;ENST00000556571.1;ENST00000553659.1","87;87;87;87;87;87;87;87;87;87;87;87;87;87;87;87;87;87;87;87;87;87;87;87;87;87;87;87;87;87;87;87;87;87;87","0;0;0;0;0;-1885;0;0;0;0;0;0;0;0;0;0;0;0;0;0;0;0;0;0;0;0;0;0;0;0;0;0;0;0;0"
"781","chr19",18232935,18233335,401,"*",2.84950150813075,3.17090401296006,2.43533956699826,-1.35092457766192,0.0311221028760859,0.736329354573057,"Promoter (<=1kb)",19,18210552,18233385,22834,2,"5143","ENST00000597360.5",50,"ENSG00000105650","PDE4C","phosphodiesterase 4C","ENST00000355502.7;ENST00000594617.7;ENST00000597360.5;ENST00000594465.7;ENST00000599754.1","5143;5143;5143;5143;5143","0;0;0;0;0"
"1279","chr13",52848351,52848751,401,"*",3.63955805767526,3.81121766683886,3.44467970087829,-0.994223437226977,0.0523424047819733,0.75468002974345,"Promoter (<=1kb)",13,52842889,52848640,5752,2,"5100","ENST00000377942.7",0,"ENSG00000136099","PCDH8","protocadherin 8","ENST00000377942.7;ENST00000338862.5;ENST00000613548.1","5100;5100;5100","0;0;-2658"
"799","chr17",49414831,49415231,401,"*",4.75124000718422,4.88215690503456,4.60724660963096,-0.907639713491086,0.0321226675073493,0.736329354573057,"Promoter (<=1kb)",17,49404049,49414905,10857,2,"5245","ENST00000696365.1",0,"ENSG00000167085","PHB1","prohibitin 1","ENST00000576461.1;ENST00000696365.1;ENST00000511832.6;ENST00000300408.8;ENST00000446735.6;ENST00000419140.7;ENST00000617874.5;ENST00000504124.6;ENST00000614445.5;ENST00000508009.6;ENST00000512041.7;ENST00000434917.3;ENST00000393345.8;ENST00000506273.1;ENST00000507748.1;ENST00000513412.1","102724596;5245;5245;5245;5245;5245;5245;5245;5245;5245;5245;5245;5245;5245;5245;5245","0;0;-29;0;-1540;0;0;0;0;0;0;0;0;0;-2597;0"
"1690","chr15_KI270905v1_alt",3612147,3612547,401,"*",3.93553080736648,4.0477232399894,3.81387232597239,-0.864287036278684,0.0727271095512004,0.791976088563902,"Promoter (<=1kb)",336,3612704,3663742,51039,1,"51621","ENST00000621843.1",-157,"ENSG00000169926","KLF13","KLF transcription factor 13","ENST00000621843.1;ENST00000616962.1","51621;51621","-157;-444"
"4606","chr3",138082509,138082909,401,"*",3.58392151776324,3.58667773535129,3.58116002443875,-0.636147870436419,0.21918734843317,0.877342972206204,"Promoter (<=1kb)",3,138080349,138081829,1481,2,"199221","ENST00000466301.1",-680,"ENSG00000158163","DZIP1L","DAZ interacting zinc finger protein 1 like","ENST00000327532.7;ENST00000488595.1;ENST00000469243.5;ENST00000466301.1;ENST00000473850.1","199221;199221;199221;199221;199221","0;0;0;-680;5991"
"3095","chr7",133081941,133082341,401,"*",3.64532327940378,3.70289711972239,3.58535598473086,-0.747829229192589,0.142564240288668,0.84986445801574,"Promoter (<=1kb)",7,132784870,133082090,297221,2,"54927","ENST00000262570.10",0,"ENSG00000106554","CHCHD3","coiled-coil-helix-coiled-coil-helix domain containing 3","ENST00000262570.10;ENST00000448878.6;ENST00000423635.5;ENST00000457942.1","54927;54927;54927;54927","0;0;0;0"
"835","chr15",74082412,74082812,401,"*",3.75503342632196,3.95475318711477,3.52315380234088,-1.05924574208523,0.0336704681410765,0.736329354573057,"Promoter (<=1kb)",15,74069857,74082550,12694,2,"342096","ENST00000290438.3",0,"ENSG00000159289","GOLGA6A","golgin A6 family member A","ENST00000290438.3;ENST00000568723.1","342096;342096","0;0"
"1738","chr12",71938712,71939112,401,"*",2.0713466571595,2.45884305936863,1.53993754499503,-1.51452056729591,0.0750847026005091,0.797553937502134,"Promoter (<=1kb)",12,71938845,72032440,93596,1,"121278","ENST00000333850.4",0,"ENSG00000139287","TPH2","tryptophan hydroxylase 2","ENST00000333850.4;ENST00000546576.1","121278;121278","0;0"
"2159","chr1",8423970,8424370,401,"*",3.16879403966274,3.32207945814536,2.99726452744137,-0.949601830519148,0.094731849395564,0.80811316951243,"Promoter (<=1kb)",1,8365880,8424234,58355,2,"473","ENST00000465125.1",0,"ENSG00000142599","RERE","arginine-glutamic acid dipeptide repeats","ENST00000449895.5;ENST00000653698.1;ENST00000444276.1;ENST00000337907.7;ENST00000400908.7;ENST00000377464.5;ENST00000400907.6;ENST00000476556.5;ENST00000656437.1;ENST00000488215.5;ENST00000460659.5;ENST00000492766.5;ENST00000465125.1;ENST00000464972.5","102724552;102724552;102724552;473;473;473;473;473;473;473;473;473;473;473","-275;-1030;-1268;0;0;0;0;-304;0;0;-551;-304;0;0"
"5039","chr17",7204974,7205374,401,"*",2.75009741339781,2.80834838474847,2.6893951503262,-0.743505348129418,0.24308396318529,0.889839608866864,"Promoter (<=1kb)",17,7189895,7205130,15236,2,"1742","ENST00000649520.1",0,"ENSG00000132535","DLG4","discs large MAGUK scaffold protein 4","ENST00000399506.9;ENST00000302955.11;ENST00000399510.8;ENST00000648172.8;ENST00000649520.1;ENST00000491753.2;ENST00000648707.1;ENST00000649971.1;ENST00000649186.1;ENST00000648896.1;ENST00000648103.2;ENST00000650120.1;ENST00000648263.1;ENST00000451807.7;ENST00000485100.5;ENST00000647975.1;ENST00000486626.8;ENST00000493294.2;ENST00000447163.6;ENST00000648658.1;ENST00000648760.1;ENST00000650301.1","1742;1742;1742;1742;1742;1742;1742;1742;1742;1742;1742;1742;1742;1742;1742;1742;1742;1742;1742;1742;1742;1742","0;0;0;0;0;0;0;0;0;0;0;0;-339;-138;0;0;-472;-40;0;0;0;0"
"3902","chr11",118634853,118635253,401,"*",3.61817748320052,3.64595567995968,3.58985391658246,-0.686353110440439,0.183597269886896,0.867566754564746,"Promoter (<=1kb)",11,118634978,118639355,4378,1,"23187","ENST00000526699.5",0,"ENSG00000019144","PHLDB1","pleckstrin homology like domain family B member 1","ENST00000361417.6;ENST00000530994.5;ENST00000600882.6;ENST00000528594.5;ENST00000621027.4;ENST00000356063.9;ENST00000532517.5;ENST00000614369.4;ENST00000527898.5;ENST00000534140.2;ENST00000612681.4;ENST00000526699.5;ENST00000527500.5;ENST00000528875.5;ENST00000392852.7","23187;23187;23187;23187;23187;23187;23187;23187;23187;23187;23187;23187;23187;23187;23187","0;0;0;0;0;0;0;0;0;0;0;0;0;0;-4154"
"577","chr11",65506713,65507113,401,"*",4.31089490075997,4.49360910680944,4.10163819108229,-1.02291868232263,0.022598658998822,0.71428997278346,"Promoter (<=1kb)",11,65499312,65507432,8121,2,"109136579","ENST00000698129.1",319,"ENSG00000289740","TALAM1","TALAM1 transcript, MALAT1 antisense RNA","ENST00000611300.1;ENST00000698129.1;ENST00000619449.2;ENST00000534336.2;ENST00000508832.2;ENST00000616527.4;ENST00000618249.1","109136578;109136579;378938;378938;378938;378938;378938","596;0;0;0;4865;4753;3799"
"2112","chr4",137545473,137545873,401,"*",2.98890496630832,3.16924007775627,2.78276412860157,-1.00916851504605,0.0923962157773209,0.807865875427492,"Promoter (<=1kb)",4,137545731,137603430,57700,1,"105377443","ENST00000507365.1",0,"ENSG00000251632","LINC02172","long intergenic non-protein coding RNA 2172","ENST00000507365.1","105377443","0"
"2004","chr12",67037,67437,401,"*",3.38834949784635,3.52712050336335,3.23479574626672,-0.919201043588361,0.0878470701226164,0.806139830062272,"Promoter (<=1kb)",12,66767,178455,111689,1,"440073","ENST00000538872.6",270,"ENSG00000120645","IQSEC3","IQ motif and Sec7 domain ArfGEF 3","ENST00000538872.6","440073","0"
"4468","chr2",110576748,110577148,401,"*",3.81479245429874,3.80755359356893,3.82199517461315,-0.617357181158783,0.211478320634573,0.873716176776874,"Promoter (<=1kb)",2,110538488,110577101,38614,2,"729540","ENST00000330331.9",0,"ENSG00000183054","RGPD6","RANBP2 like and GRIP domain containing 6","ENST00000329516.8;ENST00000696446.1;ENST00000696447.1;ENST00000696448.1;ENST00000696449.1;ENST00000330331.9;ENST00000490990.1;ENST00000446930.1;ENST00000455695.1","729540;729540;729540;729540;729540;729540;729540;729540;729540","0;0;0;0;0;0;0;0;0"
"2073","chr14",24160953,24161353,401,"*",3.58402517010633,3.70364563520151,3.45358233227074,-0.878456997344629,0.0906245306714191,0.807282969993523,"Promoter (<=1kb)",14,24161234,24166520,5287,1,"10379","ENST00000561415.2",0,"ENSG00000213928","IRF9","interferon regulatory factor 9","ENST00000561415.2;ENST00000324076.5;ENST00000561342.6;ENST00000560311.2;ENST00000699049.1;ENST00000699063.1;ENST00000698997.1;ENST00000698995.1;ENST00000698996.1;ENST00000396864.8;ENST00000699018.1;ENST00000699076.1;ENST00000699015.1;ENST00000557894.6;ENST00000699077.1;ENST00000699099.1;ENST00000699064.1;ENST00000699065.1;ENST00000699016.1;ENST00000560365.6;ENST00000699017.1;ENST00000561412.2;ENST00000560275.6;ENST00000699100.1;ENST00000561009.5;ENST00000699078.1;ENST00000699066.1;ENST00000559284.6;ENST00000698998.1;ENST00000699079.1;ENST00000699080.1;ENST00000699019.1;ENST00000699081.1;ENST00000699067.1;ENST00000560542.2;ENST00000699101.1;ENST00000699102.1;ENST00000699082.1;ENST00000699068.1;ENST00000699020.1;ENST00000560852.1;ENST00000699021.1;ENST00000699069.1;ENST00000699103.1;ENST00000699070.1;ENST00000699104.1;ENST00000699071.1;ENST00000699022.1;ENST00000699105.1;ENST00000699106.1;ENST00000699083.1;ENST00000699107.1;ENST00000699108.1;ENST00000699109.1;ENST00000559863.2;ENST00000699023.1;ENST00000699178.1;ENST00000699024.1;ENST00000699025.1;ENST00000699110.1;ENST00000699072.1;ENST00000699073.1;ENST00000559229.2;ENST00000699111.1;ENST00000699179.1;ENST00000699180.1;ENST00000699181.1;ENST00000699182.1;ENST00000699183.1;ENST00000699184.1;ENST00000559533.6;ENST00000559275.5;ENST00000699882.1;ENST00000558452.2;ENST00000324103.11;ENST00000699884.1;ENST00000699885.1;ENST00000699883.1;ENST00000699886.1;ENST00000699887.1;ENST00000558468.2;ENST00000699888.1;ENST00000699889.1;ENST00000699891.1;ENST00000560787.5;ENST00000491351.6;ENST00000559071.5;ENST00000560754.1;ENST00000699892.1;ENST00000559449.5;ENST00000483895.5;ENST00000559719.1;ENST00000559491.1;ENST00000560631.1","10379;10379;10379;10379;10379;10379;10379;10379;10379;10379;10379;10379;10379;10379;10379;10379;10379;10379;10379;10379;10379;10379;10379;10379;10379;10379;10379;10379;10379;10379;10379;10379;10379;10379;10379;10379;10379;10379;10379;10379;10379;10379;10379;10379;10379;10379;10379;10379;10379;10379;10379;10379;10379;10379;10379;10379;10379;10379;10379;10379;10379;10379;10379;10379;10379;10379;10379;10379;10379;10379;55072;55072;55072;55072;55072;55072;55072;55072;55072;55072;55072;55072;55072;55072;55072;55072;55072;55072;55072;55072;55072;55072;55072;55072","0;0;0;0;0;0;0;0;0;0;0;0;0;0;0;0;0;0;0;0;0;0;0;0;0;0;0;0;0;0;0;0;0;0;0;0;0;0;0;0;0;0;-325;-327;-336;-342;-351;-353;-358;-368;-369;-377;-377;-400;-413;-488;-791;-1046;-1052;-1274;-1566;-1773;-2433;-2535;-2716;-2716;-2716;-2948;-2993;-3261;0;0;13455;13455;13455;13455;13455;13455;13450;13437;0;13303;13252;13087;12871;10137;9952;5993;5801;5286;3662;3433;1165;842"
"2354","chr16",84504477,84504877,401,"*",4.06661209542845,4.13185147650464,3.99828225369182,-0.765174902219724,0.104084838148377,0.815203432193633,"Promoter (<=1kb)",16,84476355,84504659,28305,2,"57707","ENST00000343629.11",0,"ENSG00000140950","MEAK7","MTOR associated protein, eak-7 homolog","ENST00000343629.11;ENST00000566995.5;ENST00000570036.5;ENST00000561807.5;ENST00000565079.5;ENST00000562447.5;ENST00000565701.1;ENST00000565765.1","57707;57707;57707;57707;57707;57707;57707;57707","0;0;0;0;0;0;0;0"
"5404","chr18",50374940,50375340,401,"*",3.2501887486151,3.24767139848934,3.25270171388139,-0.624164205129649,0.263157714711964,0.897274837238416,"Promoter (<=1kb)",18,50375040,50392247,17208,1,"220134","ENST00000398452.6",0,"ENSG00000154839","SKA1","spindle and kinetochore associated complex subunit 1","ENST00000398452.6;ENST00000417656.6;ENST00000488454.5;ENST00000285116.8;ENST00000494518.1","220134;220134;220134;220134;220134","0;0;0;0;0"
"340","chr16",90077375,90077775,401,"*",3.38241902394802,3.70359069371488,2.96864135252752,-1.35678894913152,0.0125661003476936,0.680798059933382,"Promoter (<=1kb)",16,90056566,90077331,20766,2,"11105","ENST00000449207.8",-44,"ENSG00000126856","PRDM7","PR/SET domain 7","ENST00000449207.8;ENST00000568473.5;ENST00000564210.2;ENST00000569206.1","11105;11105;11105;11105","-44;-1450;-1445;0"
"177","chr16",50741719,50742119,401,"*",4.21430671948226,4.49300652838713,3.86855688682346,-1.25336152125357,0.00653355725946953,0.641805656647481,"Promoter (<=1kb)",16,50742050,50796881,54832,1,"1540","ENST00000569418.5",0,"ENSG00000083799","CYLD","CYLD lysine 63 deubiquitinase","ENST00000578512.1;ENST00000563315.2;ENST00000567728.2;ENST00000688175.1;ENST00000569418.5;ENST00000569891.5;ENST00000311559.13;ENST00000564326.5;ENST00000566206.5;ENST00000427738.8;ENST00000566679.6;ENST00000564634.5;ENST00000398568.6","100422972;102724907;102724907;102724907;1540;1540;1540;1540;1540;1540;1540;1540;1540","-186;0;0;0;0;0;0;0;0;0;0;0;-1"
"5536","chr6",134436328,134436728,401,"*",3.07956176856385,3.0871851007479,3.07189793991548,-0.643577313469303,0.269762202911291,0.899760713442441,"Promoter (1-2kb)",6,134438237,134504004,65768,1,"154092","ENST00000653261.1",-1509,"ENSG00000236700","LINC01010","long intergenic non-protein coding RNA 1010","ENST00000657570.1;ENST00000417483.5;ENST00000664953.1;ENST00000653974.1;ENST00000660051.1;ENST00000667818.1;ENST00000655225.1;ENST00000422736.2;ENST00000668601.1;ENST00000659858.1;ENST00000661465.1;ENST00000660399.1;ENST00000431422.3;ENST00000653261.1","101928231;101928231;101928231;101928231;101928231;101928231;101928231;101928231;101928231;101928231;101928231;154092;154092;154092","0;0;0;0;0;0;0;0;0;38751;39781;0;0;-1509"
"3963","chr7",131507827,131508227,401,"*",2.90879376319061,2.99927229913597,2.81225893353481,-0.811523160044108,0.186618027322366,0.867566754564746,"Promoter (<=1kb)",7,131505876,131506927,1052,2,"5420","ENST00000490761.5",-900,"ENSG00000128567","PODXL","podocalyxin like","ENST00000446198.5;ENST00000378555.8;ENST00000484346.1;ENST00000322985.9;ENST00000490761.5;ENST00000487965.1;ENST00000482581.1;ENST00000465001.1","5420;5420;5420;5420;5420;5420;5420;5420","0;0;-1722;0;-900;0;2671;0"
"6287","chr5",177022032,177022432,401,"*",2.68549307665877,2.70291273206985,2.66786051630663,-0.660847779495528,0.313448316583424,0.920285726650063,"Promoter (<=1kb)",5,176969283,177022602,53320,2,"51720","ENST00000509236.5",170,"ENSG00000087206","UIMC1","ubiquitin interaction motif containing 1","ENST00000506693.5;ENST00000358149.8;ENST00000512315.5;ENST00000503425.5;ENST00000508155.5;ENST00000511834.5;ENST00000513587.5;ENST00000503039.1;ENST00000510933.1;ENST00000509236.5;ENST00000515488.1","23567;23567;23567;23567;23567;23567;23567;23567;23567;51720;51720","0;0;0;0;0;0;0;0;-472;0;0"
"1799","chr5",78017039,78017439,401,"*",2.65241255706584,2.90565052105311,2.34505551521197,-1.1754820195424,0.078242995652879,0.80147634796538,"Promoter (1-2kb)",5,78002995,78015873,12879,2,"8546","ENST00000520122.1",-1166,"ENSG00000132842","AP3B1","adaptor related protein complex 3 subunit beta 1","ENST00000519295.6;ENST00000523204.2;ENST00000695515.1;ENST00000255194.11;ENST00000695455.1;ENST00000695453.1;ENST00000695511.1;ENST00000695454.1;ENST00000522901.1;ENST00000695513.1;ENST00000695488.1;ENST00000695450.1;ENST00000695506.1;ENST00000695507.1;ENST00000695512.1;ENST00000695510.1;ENST00000695451.1;ENST00000695447.1;ENST00000520122.1;ENST00000695458.1;ENST00000695505.1","8546;8546;8546;8546;8546;8546;8546;8546;8546;8546;8546;8546;8546;8546;8546;8546;8546;8546;8546;8546;8546","0;0;0;0;0;0;0;0;0;0;0;0;0;0;0;0;0;0;-1166;0;0"
"9001","chr6_GL000254v2_alt",2502245,2502645,401,"*",2.00113337480647,2.00483164087929,1.99742560407061,-0.626999461717824,0.462597877341886,0.948383195046303,"Promoter (<=1kb)",164,2486567,2502350,15784,2,"54535","ENST00000428677.5",0,"ENSG00000204536","CCHCR1","coiled-coil alpha-helical rod protein 1","ENST00000419528.6;ENST00000428677.5;ENST00000433804.6;ENST00000611796.1;ENST00000471519.1;ENST00000439536.5;ENST00000498184.1;ENST00000438739.5;ENST00000425351.5;ENST00000423825.5;ENST00000427654.5;ENST00000438424.5;ENST00000461634.5;ENST00000481855.1;ENST00000442190.6;ENST00000449558.2;ENST00000498207.1","54535;54535;54535;54535;54535;54535;54535;54535;54535;54535;54535;54535;54535;54535;6941;6941;6941","-307;0;0;-307;0;-1010;-3363;-14;0;-27;-308;0;-1011;-324;-56;-98;-2953"
"5996","chr12",49491112,49491512,401,"*",2.38036025028357,2.46286971284303,2.29284419201589,-0.790521964176133,0.296410750079252,0.912417699039671,"Promoter (<=1kb)",12,49490122,49496889,6768,1,"65244","ENST00000552655.1",990,"ENSG00000123352","SPATS2","spermatogenesis associated serine rich 2","ENST00000550997.5;ENST00000549538.5;ENST00000549412.5;ENST00000548710.5;ENST00000549375.5;ENST00000552918.6;ENST00000553127.5;ENST00000321898.10;ENST00000551540.5;ENST00000549045.5;ENST00000552557.5;ENST00000552655.1","65244;65244;65244;65244;65244;65244;65244;65244;65244;65244;65244;65244","0;0;0;0;0;0;0;0;123616;0;0;0"
"1448","chr17_GL000258v2_alt",592844,593244,401,"*",2.70398478970255,2.99707337005146,2.3357678809424,-1.27514631160547,0.0611293222755521,0.780168776288327,"Promoter (<=1kb)",359,593087,615207,22121,1,"284058","ENST00000629079.1",0,"ENSG00000120071","KANSL1","KAT8 regulatory NSL complex subunit 1","ENST00000626557.2;ENST00000628726.1;ENST00000627698.2;ENST00000629079.1;ENST00000629551.2;ENST00000626533.2;ENST00000628940.1;ENST00000625547.1","284058;284058;284058;284058;284058;284058;644246;644246","0;0;0;0;-829;-935;0;0"
"3508","chr13",52570068,52570468,401,"*",3.25361536522431,3.32522212297111,3.17826800709267,-0.774401488348731,0.16513096624448,0.867073447194784,"Promoter (<=1kb)",13,52570153,52583492,13340,1,"220115","ENST00000649839.1",0,NA,"TPTE2P3","transmembrane phosphoinositide 3-phosphatase and tensin homolog 2 pseudogene 3","ENST00000441562.2;ENST00000649839.1;ENST00000648493.1","220115;220115;220115","0;0;-2906"
"7640","chr16",79770424,79770824,401,"*",2.46916704975529,2.46003867670949,2.47823802775691,-0.605979357168922,0.387562558455556,0.936602802906838,"Promoter (<=1kb)",16,79770426,79808601,38176,1,"101928248","ENST00000654126.1",0,"ENSG00000260876","LINC01229","long intergenic non-protein coding RNA 1229","ENST00000569164.2;ENST00000658367.1;ENST00000664812.1;ENST00000660492.1;ENST00000668552.1;ENST00000670230.1;ENST00000669736.1;ENST00000669947.1;ENST00000561510.5;ENST00000656256.1;ENST00000667006.1;ENST00000668234.1;ENST00000665091.1;ENST00000661887.1;ENST00000654126.1;ENST00000654418.1;ENST00000669552.1;ENST00000568751.1;ENST00000562921.6;ENST00000668946.1;ENST00000658463.1;ENST00000654454.1;ENST00000657613.1;ENST00000692854.1;ENST00000669528.1;ENST00000567993.8;ENST00000670969.2;ENST00000691736.2;ENST00000689799.1;ENST00000693525.1;ENST00000702060.1;ENST00000685222.1;ENST00000701820.1;ENST00000701022.1;ENST00000662553.1;ENST00000566729.6;ENST00000568389.1;ENST00000700877.1;ENST00000661087.1;ENST00000663905.1;ENST00000658021.1;ENST00000667860.1;ENST00000658102.1;ENST00000668170.1;ENST00000669543.1;ENST00000665206.1","101928248;101928248;101928248;101928248;101928248;101928248;101928248;101928248;101928248;101928248;101928248;101928248;101928248;101928248;101928248;101928248;101928248;101928248;102467146;102467146;102467146;102467146;102467146;102467146;102467146;102467146;102467146;102467146;102467146;102467146;102467146;102467146;102467146;102467146;102467146;102467146;102467146;102467146;105371356;105371356;105371356;105371356;105371356;105371356;105371356;105371356","0;0;0;0;0;0;0;0;0;0;0;0;0;0;0;0;0;0;0;0;0;0;0;0;0;0;0;-141;-118;-95;-95;-91;0;0;0;0;-123;0;0;0;0;0;0;0;0;0"
"5070","chr6_GL000255v2_alt",3418843,3419243,401,"*",2.74544868442655,2.81036115002412,2.67747738519993,-0.757373164612058,0.244615784803446,0.889839608866864,"Promoter (<=1kb)",165,3413965,3418722,4758,2,"63940","ENST00000383269.2",-121,"ENSG00000213654","GPSM3","G protein signaling modulator 3","ENST00000468933.1;ENST00000476219.1;ENST00000383264.4;ENST00000494847.5;ENST00000481251.5;ENST00000383265.8;ENST00000383269.2;ENST00000616454.1","4855;4855;4855;63940;63940;63940;63940;63940","0;0;0;-2776;-2759;-2738;-121;-2526"
"2171","chr13",96052715,96053115,401,"*",3.08398137477456,3.24847801340181,2.89828574190797,-0.974026152426374,0.0953890874054334,0.80811316951243,"Promoter (<=1kb)",13,95990145,96053393,63249,2,"55757","ENST00000376712.4",278,"ENSG00000102595","UGGT2","UDP-glucose glycoprotein glucosyltransferase 2","ENST00000376747.8;ENST00000376714.7;ENST00000397618.7;ENST00000376712.4;ENST00000621375.5","55757;55757;55757;55757;55757","0;0;0;0;0"
"930","chr16",58025471,58025871,401,"*",3.1305973951521,3.39129982470907,2.81216021222687,-1.20000584912894,0.0373508716796924,0.736329354573057,"Promoter (<=1kb)",16,58025754,58046901,21148,1,"4324","ENST00000219271.4",0,"ENSG00000102996","MMP15","matrix metallopeptidase 15","ENST00000219271.4;ENST00000561743.5;ENST00000698444.1;ENST00000698445.1;ENST00000698446.1;ENST00000539737.6;ENST00000565662.6;ENST00000561568.6;ENST00000219281.8;ENST00000698447.1;ENST00000566082.1","4324;79650;79650;79650;79650;79650;79650;79650;79650;79650;79650","0;0;0;0;0;0;0;0;0;0;10358"
"5007","chr7",105013391,105013791,401,"*",2.17047432221515,2.32480606368337,1.99763321515284,-0.940718669645683,0.241312385372376,0.889839608866864,"Promoter (<=1kb)",7,105013277,105014099,823,2,"100216545","ENST00000690482.2",308,NA,"KMT2E-AS1","KMT2E antisense RNA 1","ENST00000690819.2;ENST00000690482.2;ENST00000622386.2;ENST00000257745.9;ENST00000479838.3;ENST00000334884.9;ENST00000700500.1;ENST00000478990.6;ENST00000473063.2;ENST00000311117.8;ENST00000474203.6;ENST00000480368.5;ENST00000495267.5;ENST00000476671.5;ENST00000478079.2;ENST00000667857.1","100216545;100216545;55904;55904;55904;55904;55904;55904;55904;55904;55904;55904;55904;55904;55904;55904","0;0;0;0;0;0;0;0;0;0;0;0;0;0;0;-641"
"5477","chr4",189940598,189940998,401,"*",3.08044416568255,3.08882735226687,3.07201198137354,-0.645102228251393,0.266449716307949,0.898350884901168,"Promoter (<=1kb)",4,189940870,189961884,21015,1,"2483","ENST00000524583.5",0,"ENSG00000109536","FRG1","FSHD region gene 1","ENST00000524583.5;ENST00000226798.9;ENST00000533157.5;ENST00000531991.6;ENST00000514482.1;ENST00000660244.1;ENST00000657714.1;ENST00000656003.1;ENST00000506276.5;ENST00000508156.5;ENST00000691614.1;ENST00000501825.2;ENST00000701895.1;ENST00000691992.1;ENST00000661788.1","2483;2483;2483;2483;2483;728339;728339;728339;728339;728339;728339;728339;728339;728339;728339","0;0;0;0;-26;0;0;0;-327;-857;0;-761;0;-8;0"
"4172","chr18_GL383571v1_alt",162250,162650,401,"*",2.80710035887588,2.90750999404599,2.69917607939264,-0.831762780016768,0.197251624764213,0.870334449666864,"Promoter (<=1kb)",390,152309,162707,10399,2,"92126","ENST00000572659.1",57,"ENSG00000171451","DSEL","dermatan sulfate epimerase like","ENST00000572659.1","92126","0"
"1132","chr19",47713444,47713844,401,"*",2.98680014458185,3.2468482445431,2.66933995007798,-1.19738839233022,0.0466629795758451,0.75468002974345,"Promoter (<=1kb)",19,47713422,47743134,29713,1,"30846","ENST00000263277.8",22,"ENSG00000024422","EHD2","EH domain containing 2","ENST00000538399.1;ENST00000263277.8","30846;30846","0;0"
"5504","chr17",28576609,28577009,401,"*",2.51037297418827,2.58508455204822,2.43158005499201,-0.775617257631835,0.267810551239767,0.898505289726273,"Promoter (<=1kb)",17,28573115,28576885,3771,2,"230","ENST00000395319.7",0,"ENSG00000109107","ALDOC","aldolase, fructose-bisphosphate C","ENST00000580377.2;ENST00000582175.1;ENST00000321765.10;ENST00000582076.1;ENST00000580676.1;ENST00000581133.5;ENST00000580682.5;ENST00000577259.1;ENST00000580406.1;ENST00000378976.5;ENST00000578230.5;ENST00000580083.6;ENST00000481916.6;ENST00000531839.5;ENST00000395319.7;ENST00000395321.6;ENST00000226253.9;ENST00000460201.6;ENST00000584086.5;ENST00000581807.5;ENST00000435638.5;ENST00000578590.1;ENST00000582381.1;ENST00000584413.1","10615;10615;10615;10615;10615;10615;10615;10615;10615;10615;10615;10615;124923;124923;230;230;230;230;230;230;230;230;230;94005","1421;1726;22016;2397;2243;3077;3162;6617;3763;7653;6609;8989;0;0;0;0;0;-695;0;0;-211;-185;0;0"
"1716","chrX",154443680,154444080,401,"*",2.85562785957234,3.08894988168453,2.57715155836318,-1.13086733168582,0.0737965686426338,0.793338449491436,"Promoter (<=1kb)",23,154444141,154450654,6514,1,"9130","ENST00000393600.8",-61,"ENSG00000071859","FAM50A","family with sequence similarity 50 member A","ENST00000630693.2;ENST00000475976.5;ENST00000445564.5;ENST00000447750.7;ENST00000434049.1;ENST00000415109.5;ENST00000481304.5;ENST00000485143.5;ENST00000491154.1;ENST00000489589.1;ENST00000471972.1;ENST00000468483.5;ENST00000476540.1;ENST00000465640.1;ENST00000460984.1;ENST00000393600.8;ENST00000464419.5;ENST00000481619.5;ENST00000158526.9;ENST00000490480.1;ENST00000478509.1","2664;2664;2664;2664;2664;2664;2664;2664;2664;2664;2664;2664;2664;2664;2664;9130;9130;9130;9130;9130;9130","6767;6526;6526;6526;6516;6514;6491;6020;5674;3687;3412;3156;3029;1914;1631;-61;-75;-168;-379;-1363;-2186"
"6820","chr1",193070004,193070404,401,"*",2.70618770467564,2.70284217070674,2.7095254984727,-0.619288813017314,0.341273329603119,0.9238811858918,"Promoter (<=1kb)",1,193069232,193075931,6700,1,"6738","ENST00000512587.1",772,"ENSG00000116747","RO60","Ro60, Y RNA binding protein","ENST00000432079.5;ENST00000400968.7;ENST00000415442.2;ENST00000460715.2;ENST00000506303.1;ENST00000367446.7;ENST00000367443.5;ENST00000367444.7;ENST00000367445.7;ENST00000367441.1;ENST00000512587.1","6738;6738;6738;6738;6738;6738;6738;6738;6738;6738;6738","0;0;0;0;0;0;0;0;0;0;0"
"8462","chr14",24188226,24188626,401,"*",1.1766104365598,1.32337138626736,1.01321144193959,-0.902247441118163,0.432706931809565,0.942134744367931,"Promoter (<=1kb)",14,24187491,24188069,579,2,"79711","ENST00000559635.1",-157,"ENSG00000196497","IPO4","importin 4","ENST00000528669.5;ENST00000261789.9;ENST00000530611.1;ENST00000529332.5;ENST00000524835.5;ENST00000532632.1;ENST00000396854.8;ENST00000531406.1;ENST00000528895.5;ENST00000530563.1;ENST00000530468.5;ENST00000525592.1;ENST00000528010.1;ENST00000354464.11;ENST00000561090.5;ENST00000561462.5;ENST00000560798.5;ENST00000558780.5;ENST00000558046.5;ENST00000559588.5;ENST00000560155.5;ENST00000558233.1;ENST00000561419.1;ENST00000561199.5;ENST00000561379.1;ENST00000560935.1;ENST00000559253.1;ENST00000559635.1;ENST00000558718.5;ENST00000558193.5;ENST00000625289.1;ENST00000560315.5;ENST00000561034.1;ENST00000557996.1;ENST00000560222.1","10548;10548;10548;10548;10548;10548;10548;10548;10548;10548;10548;10548;10548;79711;79711;79711;79711;79711;79711;79711;79711;79711;79711;79711;79711;79711;79711;79711;79711;79711;79711;79711;79711;79711;79711","6782;6815;0;6827;0;6791;0;4487;6724;6708;0;0;0;0;0;-3551;0;0;0;0;0;-4954;0;0;-4754;-4576;0;-157;0;0;0;0;0;0;0"
"1979","chr6_GL000255v2_alt",1872513,1872913,401,"*",2.78705114379881,3.00013292013397,2.53695151162799,-1.08299260034534,0.0865900672752924,0.806139830062272,"Promoter (<=1kb)",165,1872797,1881483,8687,1,"28973","ENST00000327800.10",0,"ENSG00000204568","MRPS18B","mitochondrial ribosomal protein S18B","ENST00000327800.10;ENST00000482488.5;ENST00000476123.5;ENST00000400594.3;ENST00000469397.1;ENST00000383586.8;ENST00000478528.1;ENST00000464257.1","28973;28973;28973;28973;28973;5514;5514;5514","0;-18;-27;-35;-35;-181;-181;0"
"6260","chr6_GL000251v2_alt",1546673,1547073,401,"*",2.66890493636156,2.6989309816724,2.63824066840844,-0.686334911923656,0.312273100347496,0.919541704352633,"Promoter (<=1kb)",161,1546859,1550104,3246,1,"6992","ENST00000436591.6",0,"ENSG00000204619","PPP1R11","protein phosphatase 1 regulatory inhibitor subunit 11","ENST00000481657.5;ENST00000455948.6;ENST00000428913.5;ENST00000446493.6;ENST00000451875.1;ENST00000472459.1;ENST00000430828.5;ENST00000436591.6;ENST00000448210.5;ENST00000444994.1;ENST00000412077.5;ENST00000422273.5;ENST00000442378.2;ENST00000425956.6","30834;30834;30834;30834;30834;30834;6992;6992;6992;6992;6992;6992;80352;80352","7997;5642;5639;5637;5633;5566;0;0;0;-241;-274;-904;8547;8585"
"7795","chr16",57576496,57576896,401,"*",1.45767048201573,1.58108870565284,1.32269807142818,-0.860486995824269,0.396142725260613,0.937896282948329,"Promoter (1-2kb)",16,57574816,57591681,16866,1,"221188","ENST00000569839.1",1680,"ENSG00000159618","ADGRG5","adhesion G protein-coupled receptor G5","ENST00000349457.8;ENST00000394361.8;ENST00000564607.1;ENST00000340339.4;ENST00000569839.1","221188;221188;221188;221188;221188","0;33842;0;0;0"
"7468","chr12",10750098,10750498,401,"*",2.45724275243885,2.45900500191339,2.45547834774679,-0.627601254781669,0.378539454393299,0.935179287535404,"Promoter (<=1kb)",12,10750188,10777446,27259,1,"101928162","ENST00000540188.2",0,"ENSG00000256888","LINC02366","long intergenic non-protein coding RNA 2366","ENST00000540188.2;ENST00000541949.6;ENST00000656813.1;ENST00000660451.1;ENST00000667977.1;ENST00000544815.6;ENST00000656609.1;ENST00000669563.1;ENST00000656544.1;ENST00000668788.1;ENST00000665090.1","101928162;101928162;101928162;101928162;101928162;101928162;101928162;101928162;101928162;101928162;101928162","0;0;0;0;0;0;0;0;0;0;0"
"28","chr17",82586120,82586520,401,"*",1.99920797328612,2.808958264384,0,-3.29999707973816,0.000882078878477368,0.508676239297542,"Promoter (<=1kb)",17,82586130,82587562,1433,1,"3607","ENST00000575578.1",0,"ENSG00000141568","FOXK2","forkhead box K2","ENST00000575085.1;ENST00000473637.6;ENST00000335255.10;ENST00000531030.5;ENST00000526383.2;ENST00000571160.1;ENST00000575578.1","105371942;3607;3607;3607;3607;3607;3607","1891;0;0;26780;26756;3345;0"
"1833","chr19_GL949753v2_alt",112013,112413,401,"*",2.23427569359963,2.58101075152244,1.77692115255533,-1.40678815375711,0.0799050589317502,0.80425968068962,"Promoter (<=1kb)",413,112549,130558,18010,1,"4849","ENST00000616910.4",-136,"ENSG00000088038","CNOT3","CCR4-NOT transcription complex subunit 3","ENST00000616910.4;ENST00000613528.4","4849;4849","-136;-3812"
"6116","chr14",57865442,57865842,401,"*",2.22932808760868,2.32206031573943,2.13022335193097,-0.810333438277405,0.303603051729703,0.916078216425798,"Promoter (<=1kb)",14,57563920,57866092,302173,2,"341880","ENST00000556826.6",250,"ENSG00000151812","SLC35F4","solute carrier family 35 member F4","ENST00000556826.6;ENST00000556568.1","341880;341880","0;0"
"9501","chr7",138161615,138162015,401,"*",1.79950147704702,1.80658444202644,1.79238356634967,-0.631410241055998,0.490269615742822,0.952804555818341,"Promoter (1-2kb)",7,138163440,138164637,1198,1,"107986749","ENST00000413567.1",-1425,NA,"LOC107986749","uncharacterized LOC107986749","ENST00000413567.1","107986749","-1425"
"8338","chr19_GL949750v2_alt",134350,134750,401,"*",2.15965526121661,2.17540233774446,2.1437344061475,-0.652905513592963,0.425287750288062,0.941720449473807,"Promoter (<=1kb)",410,130494,134559,4066,2,"79165","ENST00000616816.1",0,"ENSG00000105617","LENG1","leukocyte receptor cluster member 1","ENST00000613354.1;ENST00000611252.4;ENST00000619567.4;ENST00000619557.1;ENST00000616816.1","147798;4849;4849;4849;79165","13308;21801;18125;15496;0"
"11649","chr5",159916221,159916621,401,"*",0.992109034174946,1.00308292614721,0.981051028829983,-0.625580874395986,0.608690522420582,0.96473378737777,"Promoter (<=1kb)",5,159916482,159973012,56531,1,"147","ENST00000306675.5",0,"ENSG00000170214","ADRA1B","adrenoceptor alpha 1B","ENST00000641163.1;ENST00000641205.1;ENST00000306675.5","105377687;105377689;147","0;0;0"
